,Prot,Sent,Group,N1,N2,Pred,Code,Sentence,left,right,left_gpt_is_singular_score,left_gpt_is_plural_score
0,1.0,1.0,1.0,S,S,S,S_S-S,Абонемент на концерт был дорогим из-за участия популярных артистов.,Абонемент на концерт,был дорогим из-за участия популярных артистов.,0.55194646,-4.2109113
1,2.0,1.0,1.0,S,S,P,P_S-S,Абонемент на концерт были дорогими из-за участия популярных артистов.,Абонемент на концерт,были дорогими из-за участия популярных артистов.,0.55194646,-4.2109113
2,3.0,1.0,1.0,S,P,S,S_S-P,Абонемент на концерты был дорогим из-за участия популярных артистов.,Абонемент на концерты,был дорогим из-за участия популярных артистов.,-0.13932315,-4.0270977
3,4.0,1.0,1.0,S,P,P,P_S-P,Абонемент на концерты были дорогими из-за участия популярных артистов.,Абонемент на концерты,были дорогими из-за участия популярных артистов.,-0.13932315,-4.0270977
4,5.0,1.0,1.0,P,S,S,S_P-S,Абонементы на концерт был дорогим из-за участия популярных артистов.,Абонементы на концерт,был дорогим из-за участия популярных артистов.,-2.0911565,-0.49715385
5,6.0,1.0,1.0,P,S,P,P_P-S,Абонементы на концерт были дорогими из-за участия популярных артистов.,Абонементы на концерт,были дорогими из-за участия популярных артистов.,-2.0911565,-0.49715385
6,7.0,1.0,1.0,P,P,S,S_P-P,Абонементы на концерты был дорогим из-за участия популярных артистов.,Абонементы на концерты,был дорогим из-за участия популярных артистов.,-3.6801693,-1.2874177
7,8.0,1.0,1.0,P,P,P,P_P-P,Абонементы на концерты были дорогими из-за участия популярных артистов.,Абонементы на концерты,были дорогими из-за участия популярных артистов.,-3.6801693,-1.2874177
8,1.0,2.0,1.0,S,S,P,P_S-S,Анекдот про экзамен были обидными для строгого пожилого учителя.,Анекдот про экзамен,были обидными для строгого пожилого учителя.,1.7170734,-3.250152
9,2.0,2.0,1.0,S,P,S,S_S-P,Анекдот про экзамены был обидным для строгого пожилого учителя.,Анекдот про экзамены,был обидным для строгого пожилого учителя.,2.399509,-1.6324198
10,3.0,2.0,1.0,S,P,P,P_S-P,Анекдот про экзамены были обидными для строгого пожилого учителя.,Анекдот про экзамены,были обидными для строгого пожилого учителя.,2.399509,-1.6324198
11,4.0,2.0,1.0,P,S,S,S_P-S,Анекдоты про экзамен был обидным для строгого пожилого учителя.,Анекдоты про экзамен,был обидным для строгого пожилого учителя.,-1.8243661,-0.08895227
12,5.0,2.0,1.0,P,S,P,P_P-S,Анекдоты про экзамен были обидными для строгого пожилого учителя.,Анекдоты про экзамен,были обидными для строгого пожилого учителя.,-1.8243661,-0.08895227
13,6.0,2.0,1.0,P,P,S,S_P-P,Анекдоты про экзамены был обидным для строгого пожилого учителя.,Анекдоты про экзамены,был обидным для строгого пожилого учителя.,-2.879142,1.0489104
14,7.0,2.0,1.0,P,P,P,P_P-P,Анекдоты про экзамены были обидными для строгого пожилого учителя.,Анекдоты про экзамены,были обидными для строгого пожилого учителя.,-2.879142,1.0489104
15,8.0,2.0,1.0,S,S,S,S_S-S,Анекдот про экзамен был обидным для строгого пожилого учителя.,Анекдот про экзамен,был обидным для строгого пожилого учителя.,1.7170734,-3.250152
16,1.0,3.0,1.0,S,P,S,S_S-P,Арка во дворы была проделана в несущей конструкции здания,Арка во дворы,была проделана в несущей конструкции здания,2.3656642,-2.628637
17,2.0,3.0,1.0,S,P,P,P_S-P,Арка во дворы были проделаны в несущей конструкции здания,Арка во дворы,были проделаны в несущей конструкции здания,2.3656642,-2.628637
18,3.0,3.0,1.0,P,S,S,S_P-S,Арки во двор была проделана в несущей конструкции здания,Арки во двор,была проделана в несущей конструкции здания,-1.418283,1.2034116
19,4.0,3.0,1.0,P,S,P,P_P-S,Арки во двор были проделаны в несущей конструкции здания,Арки во двор,были проделаны в несущей конструкции здания,-1.418283,1.2034116
20,5.0,3.0,1.0,P,P,S,S_P-P,Арки во дворы была проделана в несущей конструкции здания,Арки во дворы,была проделана в несущей конструкции здания,-0.66128606,1.8706727
21,6.0,3.0,1.0,P,P,P,P_P-P,Арки во дворы были проделаны в несущей конструкции здания,Арки во дворы,были проделаны в несущей конструкции здания,-0.66128606,1.8706727
22,7.0,3.0,1.0,S,S,S,S_S-S,Арка во двор была проделана в несущей конструкции здания,Арка во двор,была проделана в несущей конструкции здания,2.3902254,-1.1971594
23,8.0,3.0,1.0,S,S,P,P_S-S,Арка во двор были проделаны в несущей конструкции здания,Арка во двор,были проделаны в несущей конструкции здания,2.3902254,-1.1971594
24,1.0,4.0,1.0,S,P,P,P_S-P,Атака на крепости были безуспешными из-за стратегической ошибки полководца.,Атака на крепости,были безуспешными из-за стратегической ошибки полководца.,3.0959496,-0.8149029
25,2.0,4.0,1.0,P,S,S,S_P-S,Атаки на крепость была безуспешной из-за стратегической ошибки полководца.,Атаки на крепость,была безуспешной из-за стратегической ошибки полководца.,-2.064974,2.4663048
26,3.0,4.0,1.0,P,S,P,P_P-S,Атаки на крепость были безуспешными из-за стратегической ошибки полководца.,Атаки на крепость,были безуспешными из-за стратегической ошибки полководца.,-2.064974,2.4663048
27,4.0,4.0,1.0,P,P,S,S_P-P,Атаки на крепости была безуспешной из-за стратегической ошибки полководца.,Атаки на крепости,была безуспешной из-за стратегической ошибки полководца.,-1.1436188,3.2942603
28,5.0,4.0,1.0,P,P,P,P_P-P,Атаки на крепости были безуспешными из-за стратегической ошибки полководца.,Атаки на крепости,были безуспешными из-за стратегической ошибки полководца.,-1.1436188,3.2942603
29,6.0,4.0,1.0,S,S,S,S_S-S,Атака на крепость была безуспешной из-за стратегической ошибки полководца.,Атака на крепость,была безуспешной из-за стратегической ошибки полководца.,2.9991748,-3.3322878
30,7.0,4.0,1.0,S,S,P,P_S-S,Атака на крепость были безуспешными из-за стратегической ошибки полководца.,Атака на крепость,были безуспешными из-за стратегической ошибки полководца.,2.9991748,-3.3322878
31,8.0,4.0,1.0,S,P,S,S_S-P,Атака на крепости была безуспешной из-за стратегической ошибки полководца.,Атака на крепости,была безуспешной из-за стратегической ошибки полководца.,3.0959496,-0.8149029
32,1.0,5.0,1.0,P,S,S,S_P-S,Билеты в музей был утерян во время уличной демонстрации.,Билеты в музей,был утерян во время уличной демонстрации.,-0.08545379,3.7253325
33,2.0,5.0,1.0,P,S,P,P_P-S,Билеты в музей были утеряны во время уличной демонстрации.,Билеты в музей,были утеряны во время уличной демонстрации.,-0.08545379,3.7253325
34,3.0,5.0,1.0,P,P,S,S_P-P,Билеты в музеи был утерян во время уличной демонстрации.,Билеты в музеи,был утерян во время уличной демонстрации.,-2.0973392,1.4785664
35,4.0,5.0,1.0,P,P,P,P_P-P,Билеты в музеи были утеряны во время уличной демонстрации.,Билеты в музеи,были утеряны во время уличной демонстрации.,-2.0973392,1.4785664
36,5.0,5.0,1.0,S,S,S,S_S-S,Билет в музей был утерян во время уличной демонстрации.,Билет в музей,был утерян во время уличной демонстрации.,2.3861353,-0.66552216
37,6.0,5.0,1.0,S,S,P,P_S-S,Билет в музей были утеряны во время уличной демонстрации.,Билет в музей,были утеряны во время уличной демонстрации.,2.3861353,-0.66552216
38,7.0,5.0,1.0,S,P,S,S_S-P,Билет в музеи был утерян во время уличной демонстрации.,Билет в музеи,был утерян во время уличной демонстрации.,2.3293672,-0.90310466
39,8.0,5.0,1.0,S,P,P,P_S-P,Билет в музеи были утеряны во время уличной демонстрации.,Билет в музеи,были утеряны во время уличной демонстрации.,2.3293672,-0.90310466
40,1.0,6.0,1.0,P,S,P,P_P-S,Взгляды на снимок были брошены из-под длинных опущенных ресниц.,Взгляды на снимок,были брошены из-под длинных опущенных ресниц.,-1.2638556,2.8356228
41,2.0,6.0,1.0,P,P,S,S_P-P,Взгляды на снимки был брошен из-под длинных опущенных ресниц.,Взгляды на снимки,был брошен из-под длинных опущенных ресниц.,-2.1810923,2.1367338
42,3.0,6.0,1.0,P,P,P,P_P-P,Взгляды на снимки были брошены из-под длинных опущенных ресниц.,Взгляды на снимки,были брошены из-под длинных опущенных ресниц.,-2.1810923,2.1367338
43,4.0,6.0,1.0,S,S,S,S_S-S,Взгляд на снимок был брошен из-под длинных опущенных ресниц.,Взгляд на снимок,был брошен из-под длинных опущенных ресниц.,1.104814,-5.4636993
44,5.0,6.0,1.0,S,S,P,P_S-S,Взгляд на снимок были брошены из-под длинных опущенных ресниц.,Взгляд на снимок,были брошены из-под длинных опущенных ресниц.,1.104814,-5.4636993
45,6.0,6.0,1.0,S,P,S,S_S-P,Взгляд на снимки был брошен из-под длинных опущенных ресниц.,Взгляд на снимки,был брошен из-под длинных опущенных ресниц.,1.2857567,-4.3917704
46,7.0,6.0,1.0,S,P,P,P_S-P,Взгляд на снимки были брошены из-под длинных опущенных ресниц.,Взгляд на снимки,были брошены из-под длинных опущенных ресниц.,1.2857567,-4.3917704
47,8.0,6.0,1.0,P,S,S,S_P-S,Взгляды на снимок был брошен из-под длинных опущенных ресниц.,Взгляды на снимок,был брошен из-под длинных опущенных ресниц.,-1.2638556,2.8356228
48,1.0,7.0,1.0,P,P,S,S_P-P,Возражения на упреки было принято без излишне бурных эмоций.,Возражения на упреки,было принято без излишне бурных эмоций.,-1.6287661,1.7763638
49,2.0,7.0,1.0,P,P,P,P_P-P,Возражения на упреки были приняты без излишне бурных эмоций.,Возражения на упреки,были приняты без излишне бурных эмоций.,-1.6287661,1.7763638
50,3.0,7.0,1.0,S,S,S,S_S-S,Возражение на упрек было принято без излишне бурных эмоций.,Возражение на упрек,было принято без излишне бурных эмоций.,-0.2734156,-3.1124158
51,4.0,7.0,1.0,S,S,P,P_S-S,Возражение на упрек были приняты без излишне бурных эмоций.,Возражение на упрек,были приняты без излишне бурных эмоций.,-0.2734156,-3.1124158
52,5.0,7.0,1.0,S,P,S,S_S-P,Возражение на упреки было принято без излишне бурных эмоций.,Возражение на упреки,было принято без излишне бурных эмоций.,-0.6547783,-1.0941485
53,6.0,7.0,1.0,S,P,P,P_S-P,Возражение на упреки были приняты без излишне бурных эмоций.,Возражение на упреки,были приняты без излишне бурных эмоций.,-0.6547783,-1.0941485
54,7.0,7.0,1.0,P,S,S,S_P-S,Возражения на упрек было принято без излишне бурных эмоций.,Возражения на упрек,было принято без излишне бурных эмоций.,-2.2592819,0.6388983
55,8.0,7.0,1.0,P,S,P,P_P-S,Возражения на упрек были приняты без излишне бурных эмоций.,Возражения на упрек,были приняты без излишне бурных эмоций.,-2.2592819,0.6388983
56,1.0,8.0,1.0,P,P,P,P_P-P,Выстрелы в цели были неточными из-за сбитого прицела ружья.,Выстрелы в цели,были неточными из-за сбитого прицела ружья.,-2.5334544,-0.106060326
57,2.0,8.0,1.0,S,S,S,S_S-S,Выстрел в цель был неточным из-за сбитого прицела ружья.,Выстрел в цель,был неточным из-за сбитого прицела ружья.,0.81176007,-4.9054437
58,3.0,8.0,1.0,S,S,P,P_S-S,Выстрел в цель были неточными из-за сбитого прицела ружья.,Выстрел в цель,были неточными из-за сбитого прицела ружья.,0.81176007,-4.9054437
59,4.0,8.0,1.0,S,P,S,S_S-P,Выстрел в цели был неточным из-за сбитого прицела ружья.,Выстрел в цели,был неточным из-за сбитого прицела ружья.,0.5187955,-3.9271646
60,5.0,8.0,1.0,S,P,P,P_S-P,Выстрел в цели были неточными из-за сбитого прицела ружья.,Выстрел в цели,были неточными из-за сбитого прицела ружья.,0.5187955,-3.9271646
61,6.0,8.0,1.0,P,S,S,S_P-S,Выстрелы в цель был неточным из-за сбитого прицела ружья.,Выстрелы в цель,был неточным из-за сбитого прицела ружья.,-2.8866394,0.77392614
62,7.0,8.0,1.0,P,S,P,P_P-S,Выстрелы в цель были неточными из-за сбитого прицела ружья.,Выстрелы в цель,были неточными из-за сбитого прицела ружья.,-2.8866394,0.77392614
63,8.0,8.0,1.0,P,P,S,S_P-P,Выстрелы в цели был неточным из-за сбитого прицела ружья.,Выстрелы в цели,был неточным из-за сбитого прицела ружья.,-2.5334544,-0.106060326
64,1.0,9.0,1.0,S,S,S,S_S-S,Дорога через лес была проложена для снабжения людей провизией.,Дорога через лес,была проложена для снабжения людей провизией.,3.4655337,-2.845418
65,2.0,9.0,1.0,S,S,P,P_S-S,Дорога через лес были проложены для снабжения людей провизией.,Дорога через лес,были проложены для снабжения людей провизией.,3.4655337,-2.845418
66,3.0,9.0,1.0,S,P,S,S_S-P,Дорога через леса была проложена для снабжения людей провизией.,Дорога через леса,была проложена для снабжения людей провизией.,1.8302642,-3.4602675
67,4.0,9.0,1.0,S,P,P,P_S-P,Дорога через леса были проложены для снабжения людей провизией.,Дорога через леса,были проложены для снабжения людей провизией.,1.8302642,-3.4602675
68,5.0,9.0,1.0,P,S,S,S_P-S,Дороги через лес была проложена для снабжения людей провизией.,Дороги через лес,была проложена для снабжения людей провизией.,0.50857663,3.839278
69,6.0,9.0,1.0,P,S,P,P_P-S,Дороги через лес были проложены для снабжения людей провизией.,Дороги через лес,были проложены для снабжения людей провизией.,0.50857663,3.839278
70,7.0,9.0,1.0,P,P,S,S_P-P,Дороги через леса была проложена для снабжения людей провизией.,Дороги через леса,была проложена для снабжения людей провизией.,-0.5370524,3.4528086
71,8.0,9.0,1.0,P,P,P,P_P-P,Дороги через леса были проложены для снабжения людей провизией.,Дороги через леса,были проложены для снабжения людей провизией.,-0.5370524,3.4528086
72,1.0,10.0,1.0,S,S,P,P_S-S,Жалоба на боль были тихими из-за нарушения дыхания пациента.,Жалоба на боль,были тихими из-за нарушения дыхания пациента.,2.0552092,-3.8003206
73,2.0,10.0,1.0,S,P,S,S_S-P,Жалоба на боли была тихой из-за нарушения дыхания пациента.,Жалоба на боли,была тихой из-за нарушения дыхания пациента.,3.3116937,-1.2911174
74,3.0,10.0,1.0,S,P,P,P_S-P,Жалоба на боли были тихими из-за нарушения дыхания пациента.,Жалоба на боли,были тихими из-за нарушения дыхания пациента.,3.3116937,-1.2911174
75,4.0,10.0,1.0,P,S,S,S_P-S,Жалобы на боль была тихой из-за нарушения дыхания пациента.,Жалобы на боль,была тихой из-за нарушения дыхания пациента.,-1.3207029,2.463767
76,5.0,10.0,1.0,P,S,P,P_P-S,Жалобы на боль были тихими из-за нарушения дыхания пациента.,Жалобы на боль,были тихими из-за нарушения дыхания пациента.,-1.3207029,2.463767
77,6.0,10.0,1.0,P,P,S,S_P-P,Жалобы на боли была тихой из-за нарушения дыхания пациента.,Жалобы на боли,была тихой из-за нарушения дыхания пациента.,-0.9348711,2.5681365
78,7.0,10.0,1.0,P,P,P,P_P-P,Жалобы на боли были тихими из-за нарушения дыхания пациента.,Жалобы на боли,были тихими из-за нарушения дыхания пациента.,-0.9348711,2.5681365
79,8.0,10.0,1.0,S,S,S,S_S-S,Жалоба на боль была тихой из-за нарушения дыхания пациента.,Жалоба на боль,была тихой из-за нарушения дыхания пациента.,2.0552092,-3.8003206
80,1.0,11.0,1.0,S,P,S,S_S-P,История про убийства была рассказана в присутствии маленьких детей.,История про убийства,была рассказана в присутствии маленьких детей.,2.3520188,-2.5374765
81,2.0,11.0,1.0,S,P,P,P_S-P,История про убийства были рассказаны в присутствии маленьких детей.,История про убийства,были рассказаны в присутствии маленьких детей.,2.3520188,-2.5374765
82,3.0,11.0,1.0,P,S,S,S_P-S,Истории про убийство была рассказана в присутствии маленьких детей.,Истории про убийство,была рассказана в присутствии маленьких детей.,-1.4361546,-1.6530685
83,4.0,11.0,1.0,P,S,P,P_P-S,Истории про убийство были рассказаны в присутствии маленьких детей.,Истории про убийство,были рассказаны в присутствии маленьких детей.,-1.4361546,-1.6530685
84,5.0,11.0,1.0,P,P,S,S_P-P,Истории про убийства была рассказана в присутствии маленьких детей.,Истории про убийства,была рассказана в присутствии маленьких детей.,-1.0799972,1.6976204
85,6.0,11.0,1.0,P,P,P,P_P-P,Истории про убийства были рассказаны в присутствии маленьких детей.,Истории про убийства,были рассказаны в присутствии маленьких детей.,-1.0799972,1.6976204
86,7.0,11.0,1.0,S,S,S,S_S-S,История про убийство была рассказана в присутствии маленьких детей.,История про убийство,была рассказана в присутствии маленьких детей.,1.4365001,-3.2305264
87,8.0,11.0,1.0,S,S,P,P_S-S,История про убийство были рассказаны в присутствии маленьких детей.,История про убийство,были рассказаны в присутствии маленьких детей.,1.4365001,-3.2305264
88,1.0,12.0,1.0,S,P,P,P_S-P,Тропинка через луга были протоптаны во время деревенской ярмарки.,Тропинка через луга,были протоптаны во время деревенской ярмарки.,4.646114,-3.3516903
89,2.0,12.0,1.0,P,S,S,S_P-S,Тропинки через луг была протоптана во время деревенской ярмарки.,Тропинки через луг,была протоптана во время деревенской ярмарки.,-0.6208007,1.6179485
90,3.0,12.0,1.0,P,S,P,P_P-S,Тропинки через луг были протоптаны во время деревенской ярмарки.,Тропинки через луг,были протоптаны во время деревенской ярмарки.,-0.6208007,1.6179485
91,4.0,12.0,1.0,P,P,S,S_P-P,Тропинки через луга была протоптана во время деревенской ярмарки.,Тропинки через луга,была протоптана во время деревенской ярмарки.,-0.8117727,3.004236
92,5.0,12.0,1.0,P,P,P,P_P-P,Тропинки через луга были протоптаны во время деревенской ярмарки.,Тропинки через луга,были протоптаны во время деревенской ярмарки.,-0.8117727,3.004236
93,6.0,12.0,1.0,S,S,S,S_S-S,Тропинка через луг была протоптана во время деревенской ярмарки.,Тропинка через луг,была протоптана во время деревенской ярмарки.,3.6105225,-5.4724693
94,7.0,12.0,1.0,S,S,P,P_S-S,Тропинка через луг были протоптаны во время деревенской ярмарки.,Тропинка через луг,были протоптаны во время деревенской ярмарки.,3.6105225,-5.4724693
95,8.0,12.0,1.0,S,P,S,S_S-P,Тропинка через луга была протоптана во время деревенской ярмарки.,Тропинка через луга,была протоптана во время деревенской ярмарки.,4.646114,-3.3516903
96,1.0,13.0,1.0,P,S,S,S_P-S,Кружева на наряд было упаковано в вышитый шёлковый мешочек.,Кружева на наряд,было упаковано в вышитый шёлковый мешочек.,-1.5102551,-0.031127512
97,2.0,13.0,1.0,P,S,P,P_P-S,Кружева на наряд были упакованы в вышитый шёлковый мешочек.,Кружева на наряд,были упакованы в вышитый шёлковый мешочек.,-1.5102551,-0.031127512
98,3.0,13.0,1.0,P,P,S,S_P-P,Кружева на наряды было упаковано в вышитый шёлковый мешочек.,Кружева на наряды,было упаковано в вышитый шёлковый мешочек.,-1.5300871,2.401144
99,4.0,13.0,1.0,P,P,P,P_P-P,Кружева на наряды были упакованы в вышитый шёлковый мешочек.,Кружева на наряды,были упакованы в вышитый шёлковый мешочек.,-1.5300871,2.401144
100,5.0,13.0,1.0,S,S,S,S_S-S,Кружево на наряд было упаковано в вышитый шёлковый мешочек.,Кружево на наряд,было упаковано в вышитый шёлковый мешочек.,0.38980195,-2.1969543
101,6.0,13.0,1.0,S,S,P,P_S-S,Кружево на наряд были упакованы в вышитый шёлковый мешочек.,Кружево на наряд,были упакованы в вышитый шёлковый мешочек.,0.38980195,-2.1969543
102,7.0,13.0,1.0,S,P,S,S_S-P,Кружево на наряды было упаковано в вышитый шёлковый мешочек.,Кружево на наряды,было упаковано в вышитый шёлковый мешочек.,0.6716155,0.11280677
103,8.0,13.0,1.0,S,P,P,P_S-P,Кружево на наряды были упакованы в вышитый шёлковый мешочек.,Кружево на наряды,были упакованы в вышитый шёлковый мешочек.,0.6716155,0.11280677
104,1.0,14.0,1.0,P,S,P,P_P-S,Легенды про замок были записаны в старинной летописи графства.,Легенды про замок,были записаны в старинной летописи графства.,-2.0481231,-0.09343815
105,2.0,14.0,1.0,P,P,S,S_P-P,Легенды про замки была записана в старинной летописи графства.,Легенды про замки,была записана в старинной летописи графства.,-1.6952779,0.953717
106,3.0,14.0,1.0,P,P,P,P_P-P,Легенды про замки были записаны в старинной летописи графства.,Легенды про замки,были записаны в старинной летописи графства.,-1.6952779,0.953717
107,4.0,14.0,1.0,S,S,S,S_S-S,Легенда про замок была записана в старинной летописи графства.,Легенда про замок,была записана в старинной летописи графства.,0.19500789,-4.821574
108,5.0,14.0,1.0,S,S,P,P_S-S,Легенда про замок были записаны в старинной летописи графства.,Легенда про замок,были записаны в старинной летописи графства.,0.19500789,-4.821574
109,6.0,14.0,1.0,S,P,S,S_S-P,Легенда про замки была записана в старинной летописи графства.,Легенда про замки,была записана в старинной летописи графства.,1.2552571,-2.4563398
110,7.0,14.0,1.0,S,P,P,P_S-P,Легенда про замки были записаны в старинной летописи графства.,Легенда про замки,были записаны в старинной летописи графства.,1.2552571,-2.4563398
111,8.0,14.0,1.0,P,S,S,S_P-S,Легенды про замок была записана в старинной летописи графства.,Легенды про замок,была записана в старинной летописи графства.,-2.0481231,-0.09343815
112,1.0,15.0,1.0,P,P,S,S_P-P,Лестницы в подвалы была крутой из-за отсутствия свободного места.,Лестницы в подвалы,была крутой из-за отсутствия свободного места.,-2.5522,1.2536246
113,2.0,15.0,1.0,P,P,P,P_P-P,Лестницы в подвалы были крутыми из-за отсутствия свободного места.,Лестницы в подвалы,были крутыми из-за отсутствия свободного места.,-2.5522,1.2536246
114,3.0,15.0,1.0,S,S,S,S_S-S,Лестница в подвал была крутой из-за отсутствия свободного места.,Лестница в подвал,была крутой из-за отсутствия свободного места.,2.388242,-4.406683
115,4.0,15.0,1.0,S,S,P,P_S-S,Лестница в подвал были крутыми из-за отсутствия свободного места.,Лестница в подвал,были крутыми из-за отсутствия свободного места.,2.388242,-4.406683
116,5.0,15.0,1.0,S,P,S,S_S-P,Лестница в подвалы была крутой из-за отсутствия свободного места.,Лестница в подвалы,была крутой из-за отсутствия свободного места.,1.7234957,-2.8078752
117,6.0,15.0,1.0,S,P,P,P_S-P,Лестница в подвалы были крутыми из-за отсутствия свободного места.,Лестница в подвалы,были крутыми из-за отсутствия свободного места.,1.7234957,-2.8078752
118,7.0,15.0,1.0,P,S,S,S_P-S,Лестницы в подвал была крутой из-за отсутствия свободного места.,Лестницы в подвал,была крутой из-за отсутствия свободного места.,-1.3715318,0.88497025
119,8.0,15.0,1.0,P,S,P,P_P-S,Лестницы в подвал были крутыми из-за отсутствия свободного места.,Лестницы в подвал,были крутыми из-за отсутствия свободного места.,-1.3715318,0.88497025
120,1.0,16.0,1.0,P,P,P,P_P-P,Мосты через овраги были возведены после окончания военных действий.,Мосты через овраги,были возведены после окончания военных действий.,-0.3108077,3.0684419
121,2.0,16.0,1.0,S,S,S,S_S-S,Мост через овраг был возведён после окончания военных действий.,Мост через овраг,был возведён после окончания военных действий.,2.526889,-1.511272
122,3.0,16.0,1.0,S,S,P,P_S-S,Мост через овраг были возведены после окончания военных действий.,Мост через овраг,были возведены после окончания военных действий.,2.526889,-1.511272
123,4.0,16.0,1.0,S,P,S,S_S-P,Мост через овраги был возведён после окончания военных действий.,Мост через овраги,был возведён после окончания военных действий.,3.0751982,0.0856691
124,5.0,16.0,1.0,S,P,P,P_S-P,Мост через овраги были возведены после окончания военных действий.,Мост через овраги,были возведены после окончания военных действий.,3.0751982,0.0856691
125,6.0,16.0,1.0,P,S,S,S_P-S,Мосты через овраг был возведён после окончания военных действий.,Мосты через овраг,был возведён после окончания военных действий.,-0.5770743,4.005789
126,7.0,16.0,1.0,P,S,P,P_P-S,Мосты через овраг были возведены после окончания военных действий.,Мосты через овраг,были возведены после окончания военных действий.,-0.5770743,4.005789
127,8.0,16.0,1.0,P,P,S,S_P-P,Мосты через овраги был возведён после окончания военных действий.,Мосты через овраги,был возведён после окончания военных действий.,-0.3108077,3.0684419
128,1.0,17.0,1.0,S,S,S,S_S-S,Налог на доход был повышен из-за смены политического курса.,Налог на доход,был повышен из-за смены политического курса.,0.8444586,-3.6880023
129,2.0,17.0,1.0,S,S,P,P_S-S,Налог на доход были повышены из-за смены политического курса.,Налог на доход,были повышены из-за смены политического курса.,0.8444586,-3.6880023
130,3.0,17.0,1.0,S,P,S,S_S-P,Налог на доходы был повышен из-за смены политического курса.,Налог на доходы,был повышен из-за смены политического курса.,1.9219232,-2.7148328
131,4.0,17.0,1.0,S,P,P,P_S-P,Налог на доходы были повышены из-за смены политического курса.,Налог на доходы,были повышены из-за смены политического курса.,1.9219232,-2.7148328
132,5.0,17.0,1.0,P,S,S,S_P-S,Налоги на доход был повышен из-за смены политического курса.,Налоги на доход,был повышен из-за смены политического курса.,-1.9711641,-1.0362858
133,6.0,17.0,1.0,P,S,P,P_P-S,Налоги на доход были повышены из-за смены политического курса.,Налоги на доход,были повышены из-за смены политического курса.,-1.9711641,-1.0362858
134,7.0,17.0,1.0,P,P,S,S_P-P,Налоги на доходы был повышен из-за смены политического курса.,Налоги на доходы,был повышен из-за смены политического курса.,-2.3816323,-0.7768019
135,8.0,17.0,1.0,P,P,P,P_P-P,Налоги на доходы были повышены из-за смены политического курса.,Налоги на доходы,были повышены из-за смены политического курса.,-2.3816323,-0.7768019
136,1.0,18.0,1.0,S,S,P,P_S-S,Нападение на банк были совершены с применением холодного оружия. ,Нападение на банк,были совершены с применением холодного оружия.,3.360503,-3.947284
137,2.0,18.0,1.0,S,P,S,S_S-P,Нападение на банки было совершено с применением холодного оружия. ,Нападение на банки,было совершено с применением холодного оружия.,2.2046914,-2.223175
138,3.0,18.0,1.0,S,P,P,P_S-P,Нападение на банки были совершены с применением холодного оружия. ,Нападение на банки,были совершены с применением холодного оружия.,2.2046914,-2.223175
139,4.0,18.0,1.0,P,S,S,S_P-S,Нападения на банк было совершено с применением холодного оружия. ,Нападения на банк,было совершено с применением холодного оружия.,1.5315878,1.2813916
140,5.0,18.0,1.0,P,S,P,P_P-S,Нападения на банк были совершены с применением холодного оружия. ,Нападения на банк,были совершены с применением холодного оружия.,1.5315878,1.2813916
141,6.0,18.0,1.0,P,P,S,S_P-P,Нападения на банки было совершено с применением холодного оружия. ,Нападения на банки,было совершено с применением холодного оружия.,-0.83763117,1.6443874
142,7.0,18.0,1.0,P,P,P,P_P-P,Нападения на банки были совершены с применением холодного оружия. ,Нападения на банки,были совершены с применением холодного оружия.,-0.83763117,1.6443874
143,8.0,18.0,1.0,S,S,S,S_S-S,Нападение на банк было совершено с применением холодного оружия. ,Нападение на банк,было совершено с применением холодного оружия.,3.360503,-3.947284
144,1.0,19.0,1.0,S,P,S,S_S-P,Окно в сады было закрыто из-за сильного холодного ветра.,Окно в сады,было закрыто из-за сильного холодного ветра.,1.373351,-1.73002
145,2.0,19.0,1.0,S,P,P,P_S-P,Окно в сады были закрыты из-за сильного холодного ветра.,Окно в сады,были закрыты из-за сильного холодного ветра.,1.373351,-1.73002
146,3.0,19.0,1.0,P,S,S,S_P-S,Окна в сад было закрыто из-за сильного холодного ветра.,Окна в сад,было закрыто из-за сильного холодного ветра.,-0.27164543,3.3173416
147,4.0,19.0,1.0,P,S,P,P_P-S,Окна в сад были закрыты из-за сильного холодного ветра.,Окна в сад,были закрыты из-за сильного холодного ветра.,-0.27164543,3.3173416
148,5.0,19.0,1.0,P,P,S,S_P-P,Окна в сады было закрыто из-за сильного холодного ветра.,Окна в сады,было закрыто из-за сильного холодного ветра.,-1.1984255,1.9037008
149,6.0,19.0,1.0,P,P,P,P_P-P,Окна в сады были закрыты из-за сильного холодного ветра.,Окна в сады,были закрыты из-за сильного холодного ветра.,-1.1984255,1.9037008
150,7.0,19.0,1.0,S,S,S,S_S-S,Окно в сад было закрыто из-за сильного холодного ветра.,Окно в сад,было закрыто из-за сильного холодного ветра.,3.6974244,-3.1106348
151,8.0,19.0,1.0,S,S,P,P_S-S,Окно в сад были закрыты из-за сильного холодного ветра.,Окно в сад,были закрыты из-за сильного холодного ветра.,3.6974244,-3.1106348
152,1.0,20.0,1.0,S,P,P,P_S-P,Ответ на вопросы были неверными из-за недостаточного знания материала.,Ответ на вопросы,были неверными из-за недостаточного знания материала.,1.6888344,-3.487766
153,2.0,20.0,1.0,P,S,S,S_P-S,Ответы на вопрос был неверным из-за недостаточного знания материала.,Ответы на вопрос,был неверным из-за недостаточного знания материала.,-1.7021163,-0.4209761
154,3.0,20.0,1.0,P,S,P,P_P-S,Ответы на вопрос были неверными из-за недостаточного знания материала.,Ответы на вопрос,были неверными из-за недостаточного знания материала.,-1.7021163,-0.4209761
155,4.0,20.0,1.0,P,P,S,S_P-P,Ответы на вопросы был неверным из-за недостаточного знания материала.,Ответы на вопросы,был неверным из-за недостаточного знания материала.,-0.7054851,-0.15641667
156,5.0,20.0,1.0,P,P,P,P_P-P,Ответы на вопросы были неверными из-за недостаточного знания материала.,Ответы на вопросы,были неверными из-за недостаточного знания материала.,-0.7054851,-0.15641667
157,6.0,20.0,1.0,S,S,S,S_S-S,Ответ на вопрос был неверным из-за недостаточного знания материала.,Ответ на вопрос,был неверным из-за недостаточного знания материала.,1.0993669,-5.448855
158,7.0,20.0,1.0,S,S,P,P_S-S,Ответ на вопрос были неверными из-за недостаточного знания материала.,Ответ на вопрос,были неверными из-за недостаточного знания материала.,1.0993669,-5.448855
159,8.0,20.0,1.0,S,P,S,S_S-P,Ответ на вопросы был неверным из-за недостаточного знания материала.,Ответ на вопросы,был неверным из-за недостаточного знания материала.,1.6888344,-3.487766
160,1.0,21.0,1.0,P,S,S,S_P-S,Очереди в театр была бесконечной из-за большого наплыва туристов.,Очереди в театр,была бесконечной из-за большого наплыва туристов.,-0.04778145,2.2436588
161,2.0,21.0,1.0,P,S,P,P_P-S,Очереди в театр были бесконечными из-за большого наплыва туристов.,Очереди в театр,были бесконечными из-за большого наплыва туристов.,-0.04778145,2.2436588
162,3.0,21.0,1.0,P,P,S,S_P-P,Очереди в театры была бесконечной из-за большого наплыва туристов.,Очереди в театры,была бесконечной из-за большого наплыва туристов.,-0.26766098,3.3900537
163,4.0,21.0,1.0,P,P,P,P_P-P,Очереди в театры были бесконечными из-за большого наплыва туристов.,Очереди в театры,были бесконечными из-за большого наплыва туристов.,-0.26766098,3.3900537
164,5.0,21.0,1.0,S,S,S,S_S-S,Очередь в театр была бесконечной из-за большого наплыва туристов.,Очередь в театр,была бесконечной из-за большого наплыва туристов.,2.5472252,-3.0759678
165,6.0,21.0,1.0,S,S,P,P_S-S,Очередь в театр были бесконечными из-за большого наплыва туристов.,Очередь в театр,были бесконечными из-за большого наплыва туристов.,2.5472252,-3.0759678
166,7.0,21.0,1.0,S,P,S,S_S-P,Очередь в театры была бесконечной из-за большого наплыва туристов.,Очередь в театры,была бесконечной из-за большого наплыва туристов.,3.657292,-1.0375133
167,8.0,21.0,1.0,S,P,P,P_S-P,Очередь в театры были бесконечными из-за большого наплыва туристов.,Очередь в театры,были бесконечными из-за большого наплыва туристов.,3.657292,-1.0375133
168,1.0,22.0,1.0,P,S,P,P_P-S,Переправы через ручей были опасными из-за тяжёлых погодных условий.,Переправы через ручей,были опасными из-за тяжёлых погодных условий.,2.0463557,3.1655831
169,2.0,22.0,1.0,P,P,S,S_P-P,Переправы через ручьи была опасной из-за тяжёлых погодных условий.,Переправы через ручьи,была опасной из-за тяжёлых погодных условий.,-0.56895804,3.2069082
170,3.0,22.0,1.0,P,P,P,P_P-P,Переправы через ручьи были опасными из-за тяжёлых погодных условий.,Переправы через ручьи,были опасными из-за тяжёлых погодных условий.,-0.56895804,3.2069082
171,4.0,22.0,1.0,S,S,S,S_S-S,Переправа через ручей была опасной из-за тяжёлых погодных условий.,Переправа через ручей,была опасной из-за тяжёлых погодных условий.,3.0878372,-1.9455932
172,5.0,22.0,1.0,S,S,P,P_S-S,Переправа через ручей были опасными из-за тяжёлых погодных условий.,Переправа через ручей,были опасными из-за тяжёлых погодных условий.,3.0878372,-1.9455932
173,6.0,22.0,1.0,S,P,S,S_S-P,Переправа через ручьи была опасной из-за тяжёлых погодных условий.,Переправа через ручьи,была опасной из-за тяжёлых погодных условий.,3.0604978,-1.6261305
174,7.0,22.0,1.0,S,P,P,P_S-P,Переправа через ручьи были опасными из-за тяжёлых погодных условий.,Переправа через ручьи,были опасными из-за тяжёлых погодных условий.,3.0604978,-1.6261305
175,8.0,22.0,1.0,P,S,S,S_P-S,Переправы через ручей была опасной из-за тяжёлых погодных условий.,Переправы через ручей,была опасной из-за тяжёлых погодных условий.,2.0463557,3.1655831
176,1.0,23.0,1.0,P,P,S,S_P-P,Песни про поезда была грустной для большинства отставных машинистов.,Песни про поезда,была грустной для большинства отставных машинистов.,-0.4348666,1.7001212
177,2.0,23.0,1.0,P,P,P,P_P-P,Песни про поезда были грустными для большинства отставных машинистов.,Песни про поезда,были грустными для большинства отставных машинистов.,-0.4348666,1.7001212
178,3.0,23.0,1.0,S,S,S,S_S-S,Песня про поезд была грустной для большинства отставных машинистов.,Песня про поезд,была грустной для большинства отставных машинистов.,0.32725143,-4.241166
179,4.0,23.0,1.0,S,S,P,P_S-S,Песня про поезд были грустными для большинства отставных машинистов.,Песня про поезд,были грустными для большинства отставных машинистов.,0.32725143,-4.241166
180,5.0,23.0,1.0,S,P,S,S_S-P,Песня про поезда была грустной для большинства отставных машинистов.,Песня про поезда,была грустной для большинства отставных машинистов.,2.1160567,-2.2180648
181,6.0,23.0,1.0,S,P,P,P_S-P,Песня про поезда были грустными для большинства отставных машинистов.,Песня про поезда,были грустными для большинства отставных машинистов.,2.1160567,-2.2180648
182,7.0,23.0,1.0,P,S,S,S_P-S,Песни про поезд была грустной для большинства отставных машинистов.,Песни про поезд,была грустной для большинства отставных машинистов.,-0.8541035,0.627687
183,8.0,23.0,1.0,P,S,P,P_P-S,Песни про поезд были грустными для большинства отставных машинистов.,Песни про поезд,были грустными для большинства отставных машинистов.,-0.8541035,0.627687
184,1.0,24.0,1.0,P,P,P,P_P-P,Письма про походы были отправлены из маленького сибирского посёлка.,Письма про походы,были отправлены из маленького сибирского посёлка.,-1.3704007,1.5144979
185,2.0,24.0,1.0,S,S,S,S_S-S,Письмо про поход было отправлено из маленького сибирского посёлка.,Письмо про поход,было отправлено из маленького сибирского посёлка.,1.8969549,-2.166783
186,3.0,24.0,1.0,S,S,P,P_S-S,Письмо про поход были отправлены из маленького сибирского посёлка.,Письмо про поход,были отправлены из маленького сибирского посёлка.,1.8969549,-2.166783
187,4.0,24.0,1.0,S,P,S,S_S-P,Письмо про походы было отправлено из маленького сибирского посёлка.,Письмо про походы,было отправлено из маленького сибирского посёлка.,1.5898154,-0.5715727
188,5.0,24.0,1.0,S,P,P,P_S-P,Письмо про походы были отправлены из маленького сибирского посёлка.,Письмо про походы,были отправлены из маленького сибирского посёлка.,1.5898154,-0.5715727
189,6.0,24.0,1.0,P,S,S,S_P-S,Письма про поход было отправлено из маленького сибирского посёлка.,Письма про поход,было отправлено из маленького сибирского посёлка.,-0.5965576,1.3843117
190,7.0,24.0,1.0,P,S,P,P_P-S,Письма про поход были отправлены из маленького сибирского посёлка.,Письма про поход,были отправлены из маленького сибирского посёлка.,-0.5965576,1.3843117
191,8.0,24.0,1.0,P,P,S,S_P-P,Письма про походы было отправлено из маленького сибирского посёлка.,Письма про походы,было отправлено из маленького сибирского посёлка.,-1.3704007,1.5144979
192,1.0,25.0,1.0,S,S,S,S_S-S,План на выходной был разрушен из-за визита назойливых родственников.,План на выходной,был разрушен из-за визита назойливых родственников.,2.4165015,-1.7628789
193,2.0,25.0,1.0,S,S,P,P_S-S,План на выходной были разрушены из-за визита назойливых родственников.,План на выходной,были разрушены из-за визита назойливых родственников.,2.4165015,-1.7628789
194,3.0,25.0,1.0,S,P,S,S_S-P,План на выходные был разрушен из-за визита назойливых родственников.,План на выходные,был разрушен из-за визита назойливых родственников.,3.026158,-2.1125839
195,4.0,25.0,1.0,S,P,P,P_S-P,План на выходные были разрушены из-за визита назойливых родственников.,План на выходные,были разрушены из-за визита назойливых родственников.,3.026158,-2.1125839
196,5.0,25.0,1.0,P,S,S,S_P-S,Планы на выходной был разрушен из-за визита назойливых родственников.,Планы на выходной,был разрушен из-за визита назойливых родственников.,-0.794387,2.986117
197,6.0,25.0,1.0,P,S,P,P_P-S,Планы на выходной были разрушены из-за визита назойливых родственников.,Планы на выходной,были разрушены из-за визита назойливых родственников.,-0.794387,2.986117
198,7.0,25.0,1.0,P,P,S,S_P-P,Планы на выходные был разрушен из-за визита назойливых родственников.,Планы на выходные,был разрушен из-за визита назойливых родственников.,-1.7053692,2.4037542
199,8.0,25.0,1.0,P,P,P,P_P-P,Планы на выходные были разрушены из-за визита назойливых родственников.,Планы на выходные,были разрушены из-за визита назойливых родственников.,-1.7053692,2.4037542
200,1.0,26.0,1.0,S,S,P,P_S-S,Поездка на остров были незабываемыми для молодых влюблённых студентов.,Поездка на остров,были незабываемыми для молодых влюблённых студентов.,0.16522223,-6.355075
201,2.0,26.0,1.0,S,P,S,S_S-P,Поездка на острова была незабываемой для молодых влюблённых студентов.,Поездка на острова,была незабываемой для молодых влюблённых студентов.,0.77798676,-6.0293202
202,3.0,26.0,1.0,S,P,P,P_S-P,Поездка на острова были незабываемыми для молодых влюблённых студентов.,Поездка на острова,были незабываемыми для молодых влюблённых студентов.,0.77798676,-6.0293202
203,4.0,26.0,1.0,P,S,S,S_P-S,Поездки на остров была незабываемой для молодых влюблённых студентов.,Поездки на остров,была незабываемой для молодых влюблённых студентов.,-2.432278,-1.0762674
204,5.0,26.0,1.0,P,S,P,P_P-S,Поездки на остров были незабываемыми для молодых влюблённых студентов.,Поездки на остров,были незабываемыми для молодых влюблённых студентов.,-2.432278,-1.0762674
205,6.0,26.0,1.0,P,P,S,S_P-P,Поездки на острова была незабываемой для молодых влюблённых студентов.,Поездки на острова,была незабываемой для молодых влюблённых студентов.,-1.4626364,1.231015
206,7.0,26.0,1.0,P,P,P,P_P-P,Поездки на острова были незабываемыми для молодых влюблённых студентов.,Поездки на острова,были незабываемыми для молодых влюблённых студентов.,-1.4626364,1.231015
207,8.0,26.0,1.0,S,S,S,S_S-S,Поездка на остров была незабываемой для молодых влюблённых студентов.,Поездка на остров,была незабываемой для молодых влюблённых студентов.,0.16522223,-6.355075
208,1.0,27.0,1.0,S,P,S,S_S-P,Полет через проливы был запрещён из-за усилившегося северного ветра.,Полет через проливы,был запрещён из-за усилившегося северного ветра.,1.8338835,-1.9382464
209,2.0,27.0,1.0,S,P,P,P_S-P,Полет через проливы были запрещены из-за усилившегося северного ветра.,Полет через проливы,были запрещены из-за усилившегося северного ветра.,1.8338835,-1.9382464
210,3.0,27.0,1.0,P,S,S,S_P-S,Полеты через пролив был запрещён из-за усилившегося северного ветра.,Полеты через пролив,был запрещён из-за усилившегося северного ветра.,-2.6659954,1.9320996
211,4.0,27.0,1.0,P,S,P,P_P-S,Полеты через пролив были запрещены из-за усилившегося северного ветра.,Полеты через пролив,были запрещены из-за усилившегося северного ветра.,-2.6659954,1.9320996
212,5.0,27.0,1.0,P,P,S,S_P-P,Полеты через проливы был запрещён из-за усилившегося северного ветра.,Полеты через проливы,был запрещён из-за усилившегося северного ветра.,-1.93218,2.743235
213,6.0,27.0,1.0,P,P,P,P_P-P,Полеты через проливы были запрещены из-за усилившегося северного ветра.,Полеты через проливы,были запрещены из-за усилившегося северного ветра.,-1.93218,2.743235
214,7.0,27.0,1.0,S,S,S,S_S-S,Полет через пролив был запрещён из-за усилившегося северного ветра.,Полет через пролив,был запрещён из-за усилившегося северного ветра.,0.5456621,-2.4334335
215,8.0,27.0,1.0,S,S,P,P_S-S,Полет через пролив были запрещены из-за усилившегося северного ветра.,Полет через пролив,были запрещены из-за усилившегося северного ветра.,0.5456621,-2.4334335
216,1.0,28.0,1.0,S,P,P,P_S-P,Прогулка через парки были приятными для ценителей ландшафтного дизайна.,Прогулка через парки,были приятными для ценителей ландшафтного дизайна.,0.92776525,-3.4423454
217,2.0,28.0,1.0,P,S,S,S_P-S,Прогулки через парк была приятной для ценителей ландшафтного дизайна.,Прогулки через парк,была приятной для ценителей ландшафтного дизайна.,-1.2914716,1.0384482
218,3.0,28.0,1.0,P,S,P,P_P-S,Прогулки через парк были приятными для ценителей ландшафтного дизайна.,Прогулки через парк,были приятными для ценителей ландшафтного дизайна.,-1.2914716,1.0384482
219,4.0,28.0,1.0,P,P,S,S_P-P,Прогулки через парки была приятной для ценителей ландшафтного дизайна.,Прогулки через парки,была приятной для ценителей ландшафтного дизайна.,-2.047659,1.0342877
220,5.0,28.0,1.0,P,P,P,P_P-P,Прогулки через парки были приятными для ценителей ландшафтного дизайна.,Прогулки через парки,были приятными для ценителей ландшафтного дизайна.,-2.047659,1.0342877
221,6.0,28.0,1.0,S,S,S,S_S-S,Прогулка через парк была приятной для ценителей ландшафтного дизайна.,Прогулка через парк,была приятной для ценителей ландшафтного дизайна.,1.7759751,-4.5547895
222,7.0,28.0,1.0,S,S,P,P_S-S,Прогулка через парк были приятными для ценителей ландшафтного дизайна.,Прогулка через парк,были приятными для ценителей ландшафтного дизайна.,1.7759751,-4.5547895
223,8.0,28.0,1.0,S,P,S,S_S-P,Прогулка через парки была приятной для ценителей ландшафтного дизайна.,Прогулка через парки,была приятной для ценителей ландшафтного дизайна.,0.92776525,-3.4423454
224,1.0,29.0,1.0,P,S,S,S_P-S,Прыжки через костер был рискованным для обладателей коротких ног.,Прыжки через костер,был рискованным для обладателей коротких ног.,0.3320347,3.5498939
225,2.0,29.0,1.0,P,S,P,P_P-S,Прыжки через костер были рискованными для обладателей коротких ног.,Прыжки через костер,были рискованными для обладателей коротких ног.,0.3320347,3.5498939
226,3.0,29.0,1.0,P,P,S,S_P-P,Прыжки через костры был рискованным для обладателей коротких ног.,Прыжки через костры,был рискованным для обладателей коротких ног.,0.915243,4.115401
227,4.0,29.0,1.0,P,P,P,P_P-P,Прыжки через костры были рискованными для обладателей коротких ног.,Прыжки через костры,были рискованными для обладателей коротких ног.,0.915243,4.115401
228,5.0,29.0,1.0,S,S,S,S_S-S,Прыжок через костер был рискованным для обладателей коротких ног.,Прыжок через костер,был рискованным для обладателей коротких ног.,2.3045175,-1.1546221
229,6.0,29.0,1.0,S,S,P,P_S-S,Прыжок через костер были рискованными для обладателей коротких ног.,Прыжок через костер,были рискованными для обладателей коротких ног.,2.3045175,-1.1546221
230,7.0,29.0,1.0,S,P,S,S_S-P,Прыжок через костры был рискованным для обладателей коротких ног.,Прыжок через костры,был рискованным для обладателей коротких ног.,2.8815699,-0.8085543
231,8.0,29.0,1.0,S,P,P,P_S-P,Прыжок через костры были рискованными для обладателей коротких ног.,Прыжок через костры,были рискованными для обладателей коротких ног.,2.8815699,-0.8085543
232,1.0,30.0,1.0,P,S,P,P_P-S,Путешествия на курорт были приятными для членов большой семьи.,Путешествия на курорт,были приятными для членов большой семьи.,-1.5056361,-0.5672551
233,2.0,30.0,1.0,P,P,S,S_P-P,Путешествия на курорты было приятным для членов большой семьи.,Путешествия на курорты,было приятным для членов большой семьи.,-3.12992,-0.82394725
234,3.0,30.0,1.0,P,P,P,P_P-P,Путешествия на курорты были приятными для членов большой семьи.,Путешествия на курорты,были приятными для членов большой семьи.,-3.12992,-0.82394725
235,4.0,30.0,1.0,S,S,S,S_S-S,Путешествие на курорт было приятным для членов большой семьи.,Путешествие на курорт,было приятным для членов большой семьи.,1.5816183,-6.538467
236,5.0,30.0,1.0,S,S,P,P_S-S,Путешествие на курорт были приятными для членов большой семьи.,Путешествие на курорт,были приятными для членов большой семьи.,1.5816183,-6.538467
237,6.0,30.0,1.0,S,P,S,S_S-P,Путешествие на курорты было приятным для членов большой семьи.,Путешествие на курорты,было приятным для членов большой семьи.,-0.58998966,-4.5528564
238,7.0,30.0,1.0,S,P,P,P_S-P,Путешествие на курорты были приятными для членов большой семьи.,Путешествие на курорты,были приятными для членов большой семьи.,-0.58998966,-4.5528564
239,8.0,30.0,1.0,P,S,S,S_P-S,Путешествия на курорт было приятным для членов большой семьи.,Путешествия на курорт,было приятным для членов большой семьи.,-1.5056361,-0.5672551
240,1.0,31.0,1.0,P,P,S,S_P-P,Рецепты на порошки был мятым из-за частого предъявления аптекарям.,Рецепты на порошки,был мятым из-за частого предъявления аптекарям.,-2.8785667,-0.25985017
241,2.0,31.0,1.0,P,P,P,P_P-P,Рецепты на порошки были мятыми из-за частого предъявления аптекарям.,Рецепты на порошки,были мятыми из-за частого предъявления аптекарям.,-2.8785667,-0.25985017
242,3.0,31.0,1.0,S,S,S,S_S-S,Рецепт на порошок был мятым из-за частого предъявления аптекарям.,Рецепт на порошок,был мятым из-за частого предъявления аптекарям.,0.54144984,-4.409629
243,4.0,31.0,1.0,S,S,P,P_S-S,Рецепт на порошок были мятыми из-за частого предъявления аптекарям.,Рецепт на порошок,были мятыми из-за частого предъявления аптекарям.,0.54144984,-4.409629
244,5.0,31.0,1.0,S,P,S,S_S-P,Рецепт на порошки был мятым из-за частого предъявления аптекарям.,Рецепт на порошки,был мятым из-за частого предъявления аптекарям.,1.5411453,-2.259266
245,6.0,31.0,1.0,S,P,P,P_S-P,Рецепт на порошки были мятыми из-за частого предъявления аптекарям.,Рецепт на порошки,были мятыми из-за частого предъявления аптекарям.,1.5411453,-2.259266
246,7.0,31.0,1.0,P,S,S,S_P-S,Рецепты на порошок был мятым из-за частого предъявления аптекарям.,Рецепты на порошок,был мятым из-за частого предъявления аптекарям.,-2.463522,-1.5405841
247,8.0,31.0,1.0,P,S,P,P_P-S,Рецепты на порошок были мятыми из-за частого предъявления аптекарям.,Рецепты на порошок,были мятыми из-за частого предъявления аптекарям.,-2.463522,-1.5405841
248,1.0,32.0,1.0,P,P,P,P_P-P,Ссылки на сайты были даны в списке источников статьи.,Ссылки на сайты,были даны в списке источников статьи.,-6.074935,-2.0535097
249,2.0,32.0,1.0,S,S,S,S_S-S,Ссылка на сайт была дана в списке источников статьи.,Ссылка на сайт,была дана в списке источников статьи.,-2.2353246,-8.407963
250,3.0,32.0,1.0,S,S,P,P_S-S,Ссылка на сайт были даны в списке источников статьи.,Ссылка на сайт,были даны в списке источников статьи.,-2.2353246,-8.407963
251,4.0,32.0,1.0,S,P,S,S_S-P,Ссылка на сайты была дана в списке источников статьи.,Ссылка на сайты,была дана в списке источников статьи.,-3.03458,-5.8103004
252,5.0,32.0,1.0,S,P,P,P_S-P,Ссылка на сайты были даны в списке источников статьи.,Ссылка на сайты,были даны в списке источников статьи.,-3.03458,-5.8103004
253,6.0,32.0,1.0,P,S,S,S_P-S,Ссылки на сайт была дана в списке источников статьи.,Ссылки на сайт,была дана в списке источников статьи.,-5.223523,-1.2969329
254,7.0,32.0,1.0,P,S,P,P_P-S,Ссылки на сайт были даны в списке источников статьи.,Ссылки на сайт,были даны в списке источников статьи.,-5.223523,-1.2969329
255,8.0,32.0,1.0,P,P,S,S_P-P,Ссылки на сайты была дана в списке источников статьи.,Ссылки на сайты,была дана в списке источников статьи.,-6.074935,-2.0535097
256,1.0,33.0,2.0,S,S,S,S_S-S,Аргумент против обвинения был сокрушительным для адвоката пострадавшей стороны.,Аргумент против обвинения,был сокрушительным для адвоката пострадавшей стороны.,0.96097684,-2.6910326
257,2.0,33.0,2.0,S,S,P,P_S-S,Аргумент против обвинения были сокрушительными для адвоката пострадавшей стороны.,Аргумент против обвинения,были сокрушительными для адвоката пострадавшей стороны.,0.96097684,-2.6910326
258,3.0,33.0,2.0,S,P,S,S_S-P,Аргумент против обвинений был сокрушительным для адвоката пострадавшей стороны.,Аргумент против обвинений,был сокрушительным для адвоката пострадавшей стороны.,1.7259862,-2.7314794
259,4.0,33.0,2.0,S,P,P,P_S-P,Аргумент против обвинений были сокрушительными для адвоката пострадавшей стороны.,Аргумент против обвинений,были сокрушительными для адвоката пострадавшей стороны.,1.7259862,-2.7314794
260,5.0,33.0,2.0,P,S,S,S_P-S,Аргументы против обвинения был сокрушительным для адвоката пострадавшей стороны.,Аргументы против обвинения,был сокрушительным для адвоката пострадавшей стороны.,-2.9325814,0.6269231
261,6.0,33.0,2.0,P,S,P,P_P-S,Аргументы против обвинения были сокрушительными для адвоката пострадавшей стороны.,Аргументы против обвинения,были сокрушительными для адвоката пострадавшей стороны.,-2.9325814,0.6269231
262,7.0,33.0,2.0,P,P,S,S_P-P,Аргументы против обвинений был сокрушительным для адвоката пострадавшей стороны.,Аргументы против обвинений,был сокрушительным для адвоката пострадавшей стороны.,-2.1522841,0.9503778
263,8.0,33.0,2.0,P,P,P,P_P-P,Аргументы против обвинений были сокрушительными для адвоката пострадавшей стороны.,Аргументы против обвинений,были сокрушительными для адвоката пострадавшей стороны.,-2.1522841,0.9503778
264,1.0,34.0,2.0,S,S,P,P_S-S,Видеозапись с лекции  были содержательными для пропустивших занятия студентов.,Видеозапись с лекции,были содержательными для пропустивших занятия студентов.,1.3309522,-3.7721026
265,2.0,34.0,2.0,S,P,S,S_S-P,Видеозапись с лекций была содержательной для пропустивших занятия студентов.,Видеозапись с лекций,была содержательной для пропустивших занятия студентов.,0.8813576,-3.3274019
266,3.0,34.0,2.0,S,P,P,P_S-P,Видеозапись с лекций были содержательными для пропустивших занятия студентов.,Видеозапись с лекций,были содержательными для пропустивших занятия студентов.,0.8813576,-3.3274019
267,4.0,34.0,2.0,P,S,S,S_P-S,Видеозаписи с лекции была содержательной для пропустивших занятия студентов.,Видеозаписи с лекции,была содержательной для пропустивших занятия студентов.,-1.6873282,1.3820345
268,5.0,34.0,2.0,P,S,P,P_P-S,Видеозаписи с лекции были содержательными для пропустивших занятия студентов.,Видеозаписи с лекции,были содержательными для пропустивших занятия студентов.,-1.6873282,1.3820345
269,6.0,34.0,2.0,P,P,S,S_P-P,Видеозаписи с лекций была содержательной для пропустивших занятия студентов.,Видеозаписи с лекций,была содержательной для пропустивших занятия студентов.,-2.9845264,0.083238125
270,7.0,34.0,2.0,P,P,P,P_P-P,Видеозаписи с лекций были содержательными для пропустивших занятия студентов.,Видеозаписи с лекций,были содержательными для пропустивших занятия студентов.,-2.9845264,0.083238125
271,8.0,34.0,2.0,S,S,S,S_S-S,Видеозапись с лекции  была содержательной для пропустивших занятия студентов.,Видеозапись с лекции,была содержательной для пропустивших занятия студентов.,1.3309522,-3.7721026
272,1.0,35.0,2.0,S,P,S,S_S-P,Вывод из поражений был верным из-за тщательного анализа ситуации.,Вывод из поражений,был верным из-за тщательного анализа ситуации.,3.1370463,-1.9706762
273,2.0,35.0,2.0,S,P,P,P_S-P,Вывод из поражений были верными из-за тщательного анализа ситуации.,Вывод из поражений,были верными из-за тщательного анализа ситуации.,3.1370463,-1.9706762
274,3.0,35.0,2.0,P,S,S,S_P-S,Выводы из поражения был верным из-за тщательного анализа ситуации.,Выводы из поражения,был верным из-за тщательного анализа ситуации.,-1.995775,1.9609658
275,4.0,35.0,2.0,P,S,P,P_P-S,Выводы из поражения были верными из-за тщательного анализа ситуации.,Выводы из поражения,были верными из-за тщательного анализа ситуации.,-1.995775,1.9609658
276,5.0,35.0,2.0,P,P,S,S_P-P,Выводы из поражений был верным из-за тщательного анализа ситуации.,Выводы из поражений,был верным из-за тщательного анализа ситуации.,-2.848131,1.0186857
277,6.0,35.0,2.0,P,P,P,P_P-P,Выводы из поражений были верными из-за тщательного анализа ситуации.,Выводы из поражений,были верными из-за тщательного анализа ситуации.,-2.848131,1.0186857
278,7.0,35.0,2.0,S,S,S,S_S-S,Вывод из поражения  был верным из-за тщательного анализа ситуации.,Вывод из поражения,был верным из-за тщательного анализа ситуации.,3.2179654,-1.976186
279,8.0,35.0,2.0,S,S,P,P_S-S,Вывод из поражения  были верными из-за тщательного анализа ситуации.,Вывод из поражения,были верными из-за тщательного анализа ситуации.,3.2179654,-1.976186
280,1.0,36.0,2.0,S,P,P,P_S-P,Выдержка из книг были краткими для упрощения процесса запоминания.,Выдержка из книг,были краткими для упрощения процесса запоминания.,0.1931344,-3.227169
281,2.0,36.0,2.0,P,S,S,S_P-S,Выдержки из книги была краткой для упрощения процесса запоминания.,Выдержки из книги,была краткой для упрощения процесса запоминания.,-1.4001085,1.1309564
282,3.0,36.0,2.0,P,S,P,P_P-S,Выдержки из книги были краткими для упрощения процесса запоминания.,Выдержки из книги,были краткими для упрощения процесса запоминания.,-1.4001085,1.1309564
283,4.0,36.0,2.0,P,P,S,S_P-P,Выдержки из книг была краткой для упрощения процесса запоминания.,Выдержки из книг,была краткой для упрощения процесса запоминания.,-2.610712,0.05588594
284,5.0,36.0,2.0,P,P,P,P_P-P,Выдержки из книг были краткими для упрощения процесса запоминания.,Выдержки из книг,были краткими для упрощения процесса запоминания.,-2.610712,0.05588594
285,6.0,36.0,2.0,S,S,S,S_S-S,Выдержка из книги была краткой для упрощения процесса запоминания.,Выдержка из книги,была краткой для упрощения процесса запоминания.,-0.46533585,-3.2351336
286,7.0,36.0,2.0,S,S,P,P_S-S,Выдержка из книги были краткими для упрощения процесса запоминания.,Выдержка из книги,были краткими для упрощения процесса запоминания.,-0.46533585,-3.2351336
287,8.0,36.0,2.0,S,P,S,S_S-P,Выдержка из книг была краткой для упрощения процесса запоминания.,Выдержка из книг,была краткой для упрощения процесса запоминания.,0.1931344,-3.227169
288,1.0,37.0,2.0,P,S,S,S_P-S,Выписки из программы была сделана во время затянувшегося заседания.,Выписки из программы,была сделана во время затянувшегося заседания.,-1.754438,-0.4310284
289,2.0,37.0,2.0,P,S,P,P_P-S,Выписки из программы были сделаны во время затянувшегося заседания.,Выписки из программы,были сделаны во время затянувшегося заседания.,-1.754438,-0.4310284
290,3.0,37.0,2.0,P,P,S,S_P-P,Выписки из программ была сделана во время затянувшегося заседания.,Выписки из программ,была сделана во время затянувшегося заседания.,-2.97091,-0.9681119
291,4.0,37.0,2.0,P,P,P,P_P-P,Выписки из программ были сделаны во время затянувшегося заседания.,Выписки из программ,были сделаны во время затянувшегося заседания.,-2.97091,-0.9681119
292,5.0,37.0,2.0,S,S,S,S_S-S,Выписка из программы была сделана во время затянувшегося заседания.,Выписка из программы,была сделана во время затянувшегося заседания.,0.28857806,-4.630472
293,6.0,37.0,2.0,S,S,P,P_S-S,Выписка из программы были сделаны во время затянувшегося заседания.,Выписка из программы,были сделаны во время затянувшегося заседания.,0.28857806,-4.630472
294,7.0,37.0,2.0,S,P,S,S_S-P,Выписка из программ была сделана во время затянувшегося заседания.,Выписка из программ,была сделана во время затянувшегося заседания.,0.62876165,-3.1666944
295,8.0,37.0,2.0,S,P,P,P_S-P,Выписка из программ были сделаны во время затянувшегося заседания.,Выписка из программ,были сделаны во время затянувшегося заседания.,0.62876165,-3.1666944
296,1.0,38.0,2.0,P,S,P,P_P-S,Выходы из ситуации были очевидными для опытного школьного психолога.,Выходы из ситуации,были очевидными для опытного школьного психолога.,-1.8575058,1.986484
297,2.0,38.0,2.0,P,P,S,S_P-P,Выходы из ситуаций был очевидным для опытного школьного психолога.,Выходы из ситуаций,был очевидным для опытного школьного психолога.,-3.1094673,-0.18217269
298,3.0,38.0,2.0,P,P,P,P_P-P,Выходы из ситуаций были очевидными для опытного школьного психолога.,Выходы из ситуаций,были очевидными для опытного школьного психолога.,-3.1094673,-0.18217269
299,4.0,38.0,2.0,S,S,S,S_S-S,Выход из ситуации  был очевидным для опытного школьного психолога.,Выход из ситуации,был очевидным для опытного школьного психолога.,2.3593035,-3.1149464
300,5.0,38.0,2.0,S,S,P,P_S-S,Выход из ситуации  были очевидными для опытного школьного психолога.,Выход из ситуации,были очевидными для опытного школьного психолога.,2.3593035,-3.1149464
301,6.0,38.0,2.0,S,P,S,S_S-P,Выход из ситуаций был очевидным для опытного школьного психолога.,Выход из ситуаций,был очевидным для опытного школьного психолога.,0.386348,-4.2131953
302,7.0,38.0,2.0,S,P,P,P_S-P,Выход из ситуаций были очевидными для опытного школьного психолога.,Выход из ситуаций,были очевидными для опытного школьного психолога.,0.386348,-4.2131953
303,8.0,38.0,2.0,P,S,S,S_P-S,Выходы из ситуации был очевидным для опытного школьного психолога.,Выходы из ситуации,был очевидным для опытного школьного психолога.,-1.8575058,1.986484
304,1.0,39.0,2.0,P,P,S,S_P-P,Доски для афиш была прибита к ограде маленького театра.,Доски для афиш,была прибита к ограде маленького театра.,-0.65322375,3.674454
305,2.0,39.0,2.0,P,P,P,P_P-P,Доски для афиш были прибиты к ограде маленького театра.,Доски для афиш,были прибиты к ограде маленького театра.,-0.65322375,3.674454
306,3.0,39.0,2.0,S,S,S,S_S-S,Доска для афиши была прибита к ограде маленького театра.,Доска для афиши,была прибита к ограде маленького театра.,2.6157894,-2.9687493
307,4.0,39.0,2.0,S,S,P,P_S-S,Доска для афиши были прибиты к ограде маленького театра.,Доска для афиши,были прибиты к ограде маленького театра.,2.6157894,-2.9687493
308,5.0,39.0,2.0,S,P,S,S_S-P,Доска для афиш была прибита к ограде маленького театра.,Доска для афиш,была прибита к ограде маленького театра.,1.4042964,-3.846413
309,6.0,39.0,2.0,S,P,P,P_S-P,Доска для афиш были прибиты к ограде маленького театра.,Доска для афиш,были прибиты к ограде маленького театра.,1.4042964,-3.846413
310,7.0,39.0,2.0,P,S,S,S_P-S,Доски для афиши была прибита к ограде маленького театра.,Доски для афиши,была прибита к ограде маленького театра.,0.23260531,3.980367
311,8.0,39.0,2.0,P,S,P,P_P-S,Доски для афиши были прибиты к ограде маленького театра.,Доски для афиши,были прибиты к ограде маленького театра.,0.23260531,3.980367
312,1.0,40.0,2.0,P,P,P,P_P-P,Задержки из-за наводнений были пугающими из-за отсутствия достоверной информации.,Задержки из-за наводнений,были пугающими из-за отсутствия достоверной информации.,-0.40482777,3.7808564
313,2.0,40.0,2.0,S,S,S,S_S-S,Задержка из-за наводнения была пугающей из-за отсутствия достоверной информации.,Задержка из-за наводнения,была пугающей из-за отсутствия достоверной информации.,4.194088,-0.6730548
314,3.0,40.0,2.0,S,S,P,P_S-S,Задержка из-за наводнения были пугающими из-за отсутствия достоверной информации.,Задержка из-за наводнения,были пугающими из-за отсутствия достоверной информации.,4.194088,-0.6730548
315,4.0,40.0,2.0,S,P,S,S_S-P,Задержка из-за наводнений была пугающей из-за отсутствия достоверной информации.,Задержка из-за наводнений,была пугающей из-за отсутствия достоверной информации.,3.9093184,-0.14151002
316,5.0,40.0,2.0,S,P,P,P_S-P,Задержка из-за наводнений были пугающими из-за отсутствия достоверной информации.,Задержка из-за наводнений,были пугающими из-за отсутствия достоверной информации.,3.9093184,-0.14151002
317,6.0,40.0,2.0,P,S,S,S_P-S,Задержки из-за наводнения была пугающей из-за отсутствия достоверной информации.,Задержки из-за наводнения,была пугающей из-за отсутствия достоверной информации.,-0.33091527,3.2936625
318,7.0,40.0,2.0,P,S,P,P_P-S,Задержки из-за наводнения были пугающими из-за отсутствия достоверной информации.,Задержки из-за наводнения,были пугающими из-за отсутствия достоверной информации.,-0.33091527,3.2936625
319,8.0,40.0,2.0,P,P,S,S_P-P,Задержки из-за наводнений была пугающей из-за отсутствия достоверной информации.,Задержки из-за наводнений,была пугающей из-за отсутствия достоверной информации.,-0.40482777,3.7808564
320,1.0,41.0,2.0,S,S,S,S_S-S,Зал для заседания был громадным по масштабам небольшого городка.,Зал для заседания,был громадным по масштабам небольшого городка.,2.4306188,-3.5214355
321,2.0,41.0,2.0,S,S,P,P_S-S,Зал для заседания были громадными по масштабам небольшого городка.,Зал для заседания,были громадными по масштабам небольшого городка.,2.4306188,-3.5214355
322,3.0,41.0,2.0,S,P,S,S_S-P,Зал для заседаний был громадным по масштабам небольшого городка.,Зал для заседаний,был громадным по масштабам небольшого городка.,2.9086404,-3.1450417
323,4.0,41.0,2.0,S,P,P,P_S-P,Зал для заседаний были громадными по масштабам небольшого городка.,Зал для заседаний,были громадными по масштабам небольшого городка.,2.9086404,-3.1450417
324,5.0,41.0,2.0,P,S,S,S_P-S,Залы для заседания был громадным по масштабам небольшого городка.,Залы для заседания,был громадным по масштабам небольшого городка.,-1.5375509,1.9874518
325,6.0,41.0,2.0,P,S,P,P_P-S,Залы для заседания были громадными по масштабам небольшого городка.,Залы для заседания,были громадными по масштабам небольшого городка.,-1.5375509,1.9874518
326,7.0,41.0,2.0,P,P,S,S_P-P,Залы для заседаний был громадным по масштабам небольшого городка.,Залы для заседаний,был громадным по масштабам небольшого городка.,-1.4250436,2.6245818
327,8.0,41.0,2.0,P,P,P,P_P-P,Залы для заседаний были громадными по масштабам небольшого городка.,Залы для заседаний,были громадными по масштабам небольшого городка.,-1.4250436,2.6245818
328,1.0,42.0,2.0,S,S,P,P_S-S,Запчасть для иномарки были старыми по меркам современного автовладельца.,Запчасть для иномарки,были старыми по меркам современного автовладельца.,-1.205031,-4.696465
329,2.0,42.0,2.0,S,P,S,S_S-P,Запчасть для иномарок была старой по меркам современного автовладельца.,Запчасть для иномарок,была старой по меркам современного автовладельца.,-2.3898163,-4.7081447
330,3.0,42.0,2.0,S,P,P,P_S-P,Запчасть для иномарок были старыми по меркам современного автовладельца.,Запчасть для иномарок,были старыми по меркам современного автовладельца.,-2.3898163,-4.7081447
331,4.0,42.0,2.0,P,S,S,S_P-S,Запчасти для иномарки была старой по меркам современного автовладельца.,Запчасти для иномарки,была старой по меркам современного автовладельца.,-2.426121,-2.4346337
332,5.0,42.0,2.0,P,S,P,P_P-S,Запчасти для иномарки были старыми по меркам современного автовладельца.,Запчасти для иномарки,были старыми по меркам современного автовладельца.,-2.426121,-2.4346337
333,6.0,42.0,2.0,P,P,S,S_P-P,Запчасти для иномарок была старой по меркам современного автовладельца.,Запчасти для иномарок,была старой по меркам современного автовладельца.,-3.0506356,-2.4691978
334,7.0,42.0,2.0,P,P,P,P_P-P,Запчасти для иномарок были старыми по меркам современного автовладельца.,Запчасти для иномарок,были старыми по меркам современного автовладельца.,-3.0506356,-2.4691978
335,8.0,42.0,2.0,S,S,S,S_S-S,Запчасть для иномарки была старой по меркам современного автовладельца.,Запчасть для иномарки,была старой по меркам современного автовладельца.,-1.205031,-4.696465
336,1.0,43.0,2.0,S,P,S,S_S-P,Исключение из правил было выписано на аккуратно свернутую шпаргалку.,Исключение из правил,было выписано на аккуратно свернутую шпаргалку.,0.30778036,-3.5692823
337,2.0,43.0,2.0,S,P,P,P_S-P,Исключение из правил были выписаны на аккуратно свернутую шпаргалку.,Исключение из правил,были выписаны на аккуратно свернутую шпаргалку.,0.30778036,-3.5692823
338,3.0,43.0,2.0,P,S,S,S_P-S,Исключения из правила было выписано на аккуратно свернутую шпаргалку.,Исключения из правила,было выписано на аккуратно свернутую шпаргалку.,-2.9569888,0.3554272
339,4.0,43.0,2.0,P,S,P,P_P-S,Исключения из правила были выписаны на аккуратно свернутую шпаргалку.,Исключения из правила,были выписаны на аккуратно свернутую шпаргалку.,-2.9569888,0.3554272
340,5.0,43.0,2.0,P,P,S,S_P-P,Исключения из правил было выписано на аккуратно свернутую шпаргалку.,Исключения из правил,было выписано на аккуратно свернутую шпаргалку.,-2.9044325,0.76629776
341,6.0,43.0,2.0,P,P,P,P_P-P,Исключения из правил были выписаны на аккуратно свернутую шпаргалку.,Исключения из правил,были выписаны на аккуратно свернутую шпаргалку.,-2.9044325,0.76629776
342,7.0,43.0,2.0,S,S,S,S_S-S,Исключение из правила было выписано на аккуратно свернутую шпаргалку.,Исключение из правила,было выписано на аккуратно свернутую шпаргалку.,0.795657,-3.7108753
343,8.0,43.0,2.0,S,S,P,P_S-S,Исключение из правила были выписаны на аккуратно свернутую шпаргалку.,Исключение из правила,были выписаны на аккуратно свернутую шпаргалку.,0.795657,-3.7108753
344,1.0,44.0,2.0,S,P,P,P_S-P,Истерика из-за оценок были бурными по мнению родителей девочки.,Истерика из-за оценок,были бурными по мнению родителей девочки.,2.8511813,-2.0351007
345,2.0,44.0,2.0,P,S,S,S_P-S,Истерики из-за оценки была бурной по мнению родителей девочки.,Истерики из-за оценки,была бурной по мнению родителей девочки.,-1.1570754,2.0430143
346,3.0,44.0,2.0,P,S,P,P_P-S,Истерики из-за оценки были бурными по мнению родителей девочки.,Истерики из-за оценки,были бурными по мнению родителей девочки.,-1.1570754,2.0430143
347,4.0,44.0,2.0,P,P,S,S_P-P,Истерики из-за оценок была бурной по мнению родителей девочки.,Истерики из-за оценок,была бурной по мнению родителей девочки.,-0.262658,3.2851846
348,5.0,44.0,2.0,P,P,P,P_P-P,Истерики из-за оценок были бурными по мнению родителей девочки.,Истерики из-за оценок,были бурными по мнению родителей девочки.,-0.262658,3.2851846
349,6.0,44.0,2.0,S,S,S,S_S-S,Истерика из-за оценки была бурной по мнению родителей девочки.,Истерика из-за оценки,была бурной по мнению родителей девочки.,2.620136,-3.2263207
350,7.0,44.0,2.0,S,S,P,P_S-S,Истерика из-за оценки были бурными по мнению родителей девочки.,Истерика из-за оценки,были бурными по мнению родителей девочки.,2.620136,-3.2263207
351,8.0,44.0,2.0,S,P,S,S_S-P,Истерика из-за оценок была бурной по мнению родителей девочки.,Истерика из-за оценок,была бурной по мнению родителей девочки.,2.8511813,-2.0351007
352,1.0,45.0,2.0,P,S,S,S_P-S,Камни для ограды был завезен с лучшей итальянской каменоломни.,Камни для ограды,был завезен с лучшей итальянской каменоломни.,-1.7435671,0.8419957
353,2.0,45.0,2.0,P,S,P,P_P-S,Камни для ограды были завезены с лучшей итальянской каменоломни.,Камни для ограды,были завезены с лучшей итальянской каменоломни.,-1.7435671,0.8419957
354,3.0,45.0,2.0,P,P,S,S_P-P,Камни для оград был завезен с лучшей итальянской каменоломни.,Камни для оград,был завезен с лучшей итальянской каменоломни.,-3.1192663,-1.4283493
355,4.0,45.0,2.0,P,P,P,P_P-P,Камни для оград были завезены с лучшей итальянской каменоломни.,Камни для оград,были завезены с лучшей итальянской каменоломни.,-3.1192663,-1.4283493
356,5.0,45.0,2.0,S,S,S,S_S-S,Камень для ограды  был завезен с лучшей итальянской каменоломни.,Камень для ограды,был завезен с лучшей итальянской каменоломни.,2.9229388,-1.9271762
357,6.0,45.0,2.0,S,S,P,P_S-S,Камень для ограды  были завезены с лучшей итальянской каменоломни.,Камень для ограды,были завезены с лучшей итальянской каменоломни.,2.9229388,-1.9271762
358,7.0,45.0,2.0,S,P,S,S_S-P,Камень для оград был завезен с лучшей итальянской каменоломни.,Камень для оград,был завезен с лучшей итальянской каменоломни.,0.8532022,-4.431003
359,8.0,45.0,2.0,S,P,P,P_S-P,Камень для оград были завезены с лучшей итальянской каменоломни.,Камень для оград,были завезены с лучшей итальянской каменоломни.,0.8532022,-4.431003
360,1.0,46.0,2.0,P,S,P,P_P-S,Кирпичи для дачи были привезены со склада бракованной продукции.,Кирпичи для дачи,были привезены со склада бракованной продукции.,-2.6301095,-0.16242737
361,2.0,46.0,2.0,P,P,S,S_P-P,Кирпичи для дач был привезен со склада бракованной продукции.,Кирпичи для дач,был привезен со склада бракованной продукции.,-3.280262,-1.3541679
362,3.0,46.0,2.0,P,P,P,P_P-P,Кирпичи для дач были привезены со склада бракованной продукции.,Кирпичи для дач,были привезены со склада бракованной продукции.,-3.280262,-1.3541679
363,4.0,46.0,2.0,S,S,S,S_S-S,Кирпич для дачи был привезен со склада бракованной продукции.,Кирпич для дачи,был привезен со склада бракованной продукции.,0.8042956,-3.212439
364,5.0,46.0,2.0,S,S,P,P_S-S,Кирпич для дачи были привезены со склада бракованной продукции.,Кирпич для дачи,были привезены со склада бракованной продукции.,0.8042956,-3.212439
365,6.0,46.0,2.0,S,P,S,S_S-P,Кирпич для дач был привезен со склада бракованной продукции.,Кирпич для дач,был привезен со склада бракованной продукции.,0.29001397,-5.6202073
366,7.0,46.0,2.0,S,P,P,P_S-P,Кирпич для дач были привезены со склада бракованной продукции.,Кирпич для дач,были привезены со склада бракованной продукции.,0.29001397,-5.6202073
367,8.0,46.0,2.0,P,S,S,S_P-S,Кирпичи для дачи был привезен со склада бракованной продукции.,Кирпичи для дачи,был привезен со склада бракованной продукции.,-2.6301095,-0.16242737
368,1.0,47.0,2.0,P,P,S,S_P-P,Ключи от шкатулок был ржавым из-за высокой влажности воздуха.,Ключи от шкатулок,был ржавым из-за высокой влажности воздуха.,-1.3662453,3.1211789
369,2.0,47.0,2.0,P,P,P,P_P-P,Ключи от шкатулок были ржавыми из-за высокой влажности воздуха.,Ключи от шкатулок,были ржавыми из-за высокой влажности воздуха.,-1.3662453,3.1211789
370,3.0,47.0,2.0,S,S,S,S_S-S,Ключ от шкатулки был ржавым из-за высокой влажности воздуха.,Ключ от шкатулки,был ржавым из-за высокой влажности воздуха.,2.180869,-1.6854402
371,4.0,47.0,2.0,S,S,P,P_S-S,Ключ от шкатулки были ржавыми из-за высокой влажности воздуха.,Ключ от шкатулки,были ржавыми из-за высокой влажности воздуха.,2.180869,-1.6854402
372,5.0,47.0,2.0,S,P,S,S_S-P,Ключ от шкатулок был ржавым из-за высокой влажности воздуха.,Ключ от шкатулок,был ржавым из-за высокой влажности воздуха.,1.7291383,-1.4142519
373,6.0,47.0,2.0,S,P,P,P_S-P,Ключ от шкатулок были ржавыми из-за высокой влажности воздуха.,Ключ от шкатулок,были ржавыми из-за высокой влажности воздуха.,1.7291383,-1.4142519
374,7.0,47.0,2.0,P,S,S,S_P-S,Ключи от шкатулки был ржавым из-за высокой влажности воздуха.,Ключи от шкатулки,был ржавым из-за высокой влажности воздуха.,-0.44480678,3.3528879
375,8.0,47.0,2.0,P,S,P,P_P-S,Ключи от шкатулки были ржавыми из-за высокой влажности воздуха.,Ключи от шкатулки,были ржавыми из-за высокой влажности воздуха.,-0.44480678,3.3528879
376,1.0,48.0,2.0,P,P,P,P_P-P,Комнаты для вечеринок были просторными из-за малого количества мебели.,Комнаты для вечеринок,были просторными из-за малого количества мебели.,-1.3569168,2.7855039
377,2.0,48.0,2.0,S,S,S,S_S-S,Комната для вечеринки была просторной из-за малого количества мебели.,Комната для вечеринки,была просторной из-за малого количества мебели.,3.0104764,-4.483878
378,3.0,48.0,2.0,S,S,P,P_S-S,Комната для вечеринки были просторными из-за малого количества мебели.,Комната для вечеринки,были просторными из-за малого количества мебели.,3.0104764,-4.483878
379,4.0,48.0,2.0,S,P,S,S_S-P,Комната для вечеринок была просторной из-за малого количества мебели.,Комната для вечеринок,была просторной из-за малого количества мебели.,2.5407972,-3.7243502
380,5.0,48.0,2.0,S,P,P,P_S-P,Комната для вечеринок были просторными из-за малого количества мебели.,Комната для вечеринок,были просторными из-за малого количества мебели.,2.5407972,-3.7243502
381,6.0,48.0,2.0,P,S,S,S_P-S,Комнаты для вечеринки была просторной из-за малого количества мебели.,Комнаты для вечеринки,была просторной из-за малого количества мебели.,0.07884616,2.507549
382,7.0,48.0,2.0,P,S,P,P_P-S,Комнаты для вечеринки были просторными из-за малого количества мебели.,Комнаты для вечеринки,были просторными из-за малого количества мебели.,0.07884616,2.507549
383,8.0,48.0,2.0,P,P,S,S_P-P,Комнаты для вечеринок была просторной из-за малого количества мебели.,Комнаты для вечеринок,была просторной из-за малого количества мебели.,-1.3569168,2.7855039
384,1.0,49.0,2.0,S,S,S,S_S-S,Кондиционер для помещения был неисправен из-за ошибки заводских сборщиков.,Кондиционер для помещения,был неисправен из-за ошибки заводских сборщиков.,0.7970003,-4.926162
385,2.0,49.0,2.0,S,S,P,P_S-S,Кондиционер для помещения были неисправны из-за ошибки заводских сборщиков.,Кондиционер для помещения,были неисправны из-за ошибки заводских сборщиков.,0.7970003,-4.926162
386,3.0,49.0,2.0,S,P,S,S_S-P,Кондиционер для помещений был неисправен из-за ошибки заводских сборщиков.,Кондиционер для помещений,был неисправен из-за ошибки заводских сборщиков.,-0.4303533,-4.582796
387,4.0,49.0,2.0,S,P,P,P_S-P,Кондиционер для помещений были неисправны из-за ошибки заводских сборщиков.,Кондиционер для помещений,были неисправны из-за ошибки заводских сборщиков.,-0.4303533,-4.582796
388,5.0,49.0,2.0,P,S,S,S_P-S,Кондиционеры для помещения был неисправен из-за ошибки заводских сборщиков.,Кондиционеры для помещения,был неисправен из-за ошибки заводских сборщиков.,-2.6592357,-0.37200913
389,6.0,49.0,2.0,P,S,P,P_P-S,Кондиционеры для помещения были неисправны из-за ошибки заводских сборщиков.,Кондиционеры для помещения,были неисправны из-за ошибки заводских сборщиков.,-2.6592357,-0.37200913
390,7.0,49.0,2.0,P,P,S,S_P-P,Кондиционеры для помещений был неисправен из-за ошибки заводских сборщиков.,Кондиционеры для помещений,был неисправен из-за ошибки заводских сборщиков.,-3.1409855,-0.40088323
391,8.0,49.0,2.0,P,P,P,P_P-P,Кондиционеры для помещений были неисправны из-за ошибки заводских сборщиков.,Кондиционеры для помещений,были неисправны из-за ошибки заводских сборщиков.,-3.1409855,-0.40088323
392,1.0,50.0,2.0,S,S,P,P_S-S,Коробка для краски были картонными из-за экологических убеждений производителя.,Коробка для краски,были картонными из-за экологических убеждений производителя.,1.3454493,-3.1507664
393,2.0,50.0,2.0,S,P,S,S_S-P,Коробка для красок была картонной из-за экологических убеждений производителя.,Коробка для красок,была картонной из-за экологических убеждений производителя.,2.2847576,-2.3314066
394,3.0,50.0,2.0,S,P,P,P_S-P,Коробка для красок были картонными из-за экологических убеждений производителя.,Коробка для красок,были картонными из-за экологических убеждений производителя.,2.2847576,-2.3314066
395,4.0,50.0,2.0,P,S,S,S_P-S,Коробки для краски была картонной из-за экологических убеждений производителя.,Коробки для краски,была картонной из-за экологических убеждений производителя.,-1.7273282,2.097079
396,5.0,50.0,2.0,P,S,P,P_P-S,Коробки для краски были картонными из-за экологических убеждений производителя.,Коробки для краски,были картонными из-за экологических убеждений производителя.,-1.7273282,2.097079
397,6.0,50.0,2.0,P,P,S,S_P-P,Коробки для красок была картонной из-за экологических убеждений производителя.,Коробки для красок,была картонной из-за экологических убеждений производителя.,-1.621698,2.5169637
398,7.0,50.0,2.0,P,P,P,P_P-P,Коробки для красок были картонными из-за экологических убеждений производителя.,Коробки для красок,были картонными из-за экологических убеждений производителя.,-1.621698,2.5169637
399,8.0,50.0,2.0,S,S,S,S_S-S,Коробка для краски была картонной из-за экологических убеждений производителя.,Коробка для краски,была картонной из-за экологических убеждений производителя.,1.3454493,-3.1507664
400,1.0,51.0,2.0,S,P,S,S_S-P,Лекарство от болезней было доступным для отдельных категорий граждан.,Лекарство от болезней,было доступным для отдельных категорий граждан.,-0.5954908,-4.1890817
401,2.0,51.0,2.0,S,P,P,P_S-P,Лекарство от болезней были доступными для отдельных категорий граждан.,Лекарство от болезней,были доступными для отдельных категорий граждан.,-0.5954908,-4.1890817
402,3.0,51.0,2.0,P,S,S,S_P-S,Лекарства от болезни было доступным для отдельных категорий граждан.,Лекарства от болезни,было доступным для отдельных категорий граждан.,-2.0637934,-0.60034686
403,4.0,51.0,2.0,P,S,P,P_P-S,Лекарства от болезни были доступными для отдельных категорий граждан.,Лекарства от болезни,были доступными для отдельных категорий граждан.,-2.0637934,-0.60034686
404,5.0,51.0,2.0,P,P,S,S_P-P,Лекарства от болезней было доступным для отдельных категорий граждан.,Лекарства от болезней,было доступным для отдельных категорий граждан.,-3.5367212,-1.1371561
405,6.0,51.0,2.0,P,P,P,P_P-P,Лекарства от болезней были доступными для отдельных категорий граждан.,Лекарства от болезней,были доступными для отдельных категорий граждан.,-3.5367212,-1.1371561
406,7.0,51.0,2.0,S,S,S,S_S-S,Лекарство от болезни было доступным для отдельных категорий граждан.,Лекарство от болезни,было доступным для отдельных категорий граждан.,0.047644116,-3.2649107
407,8.0,51.0,2.0,S,S,P,P_S-S,Лекарство от болезни были доступными для отдельных категорий граждан.,Лекарство от болезни,были доступными для отдельных категорий граждан.,0.047644116,-3.2649107
408,1.0,52.0,2.0,S,P,P,P_S-P,Лимузин для свадеб были белыми с яркими розовыми бантами.,Лимузин для свадеб,были белыми с яркими розовыми бантами.,1.6957592,-3.1201897
409,2.0,52.0,2.0,P,S,S,S_P-S,Лимузины для свадьбы был белым с яркими розовыми бантами.,Лимузины для свадьбы,был белым с яркими розовыми бантами.,-1.9832487,1.103395
410,3.0,52.0,2.0,P,S,P,P_P-S,Лимузины для свадьбы были белыми с яркими розовыми бантами.,Лимузины для свадьбы,были белыми с яркими розовыми бантами.,-1.9832487,1.103395
411,4.0,52.0,2.0,P,P,S,S_P-P,Лимузины для свадеб был белым с яркими розовыми бантами.,Лимузины для свадеб,был белым с яркими розовыми бантами.,-2.3487806,0.671623
412,5.0,52.0,2.0,P,P,P,P_P-P,Лимузины для свадеб были белыми с яркими розовыми бантами.,Лимузины для свадеб,были белыми с яркими розовыми бантами.,-2.3487806,0.671623
413,6.0,52.0,2.0,S,S,S,S_S-S,Лимузин для свадьбы был белым с яркими розовыми бантами.,Лимузин для свадьбы,был белым с яркими розовыми бантами.,2.5258877,-3.041341
414,7.0,52.0,2.0,S,S,P,P_S-S,Лимузин для свадьбы были белыми с яркими розовыми бантами.,Лимузин для свадьбы,были белыми с яркими розовыми бантами.,2.5258877,-3.041341
415,8.0,52.0,2.0,S,P,S,S_S-P,Лимузин для свадеб был белым с яркими розовыми бантами.,Лимузин для свадеб,был белым с яркими розовыми бантами.,1.6957592,-3.1201897
416,1.0,53.0,2.0,P,S,S,S_P-S,Лозунги из листовки был придуман с целью привлечения внимания.,Лозунги из листовки,был придуман с целью привлечения внимания.,-0.7563578,2.3073757
417,2.0,53.0,2.0,P,S,P,P_P-S,Лозунги из листовки были придуманы с целью привлечения внимания.,Лозунги из листовки,были придуманы с целью привлечения внимания.,-0.7563578,2.3073757
418,3.0,53.0,2.0,P,P,S,S_P-P,Лозунги из листовок был придуман с целью привлечения внимания.,Лозунги из листовок,был придуман с целью привлечения внимания.,-1.2890582,2.5703301
419,4.0,53.0,2.0,P,P,P,P_P-P,Лозунги из листовок были придуманы с целью привлечения внимания.,Лозунги из листовок,были придуманы с целью привлечения внимания.,-1.2890582,2.5703301
420,5.0,53.0,2.0,S,S,S,S_S-S,Лозунг из листовки был придуман с целью привлечения внимания.,Лозунг из листовки,был придуман с целью привлечения внимания.,2.745212,-3.222506
421,6.0,53.0,2.0,S,S,P,P_S-S,Лозунг из листовки были придуманы с целью привлечения внимания.,Лозунг из листовки,были придуманы с целью привлечения внимания.,2.745212,-3.222506
422,7.0,53.0,2.0,S,P,S,S_S-P,Лозунг из листовок был придуман с целью привлечения внимания.,Лозунг из листовок,был придуман с целью привлечения внимания.,3.1794071,-2.5502713
423,8.0,53.0,2.0,S,P,P,P_S-P,Лозунг из листовок были придуманы с целью привлечения внимания.,Лозунг из листовок,были придуманы с целью привлечения внимания.,3.1794071,-2.5502713
424,1.0,54.0,2.0,P,S,P,P_P-S,Массовки для съемки были набраны из числа местных студентов.,Массовки для съемки,были набраны из числа местных студентов.,-0.98905873,1.7661202
425,2.0,54.0,2.0,P,P,S,S_P-P,Массовки для съемок была набрана из числа местных студентов.,Массовки для съемок,была набрана из числа местных студентов.,-1.2918004,1.1106275
426,3.0,54.0,2.0,P,P,P,P_P-P,Массовки для съемок были набраны из числа местных студентов.,Массовки для съемок,были набраны из числа местных студентов.,-1.2918004,1.1106275
427,4.0,54.0,2.0,S,S,S,S_S-S,Массовка для съемки была набрана из числа местных студентов.,Массовка для съемки,была набрана из числа местных студентов.,1.6105056,-2.880809
428,5.0,54.0,2.0,S,S,P,P_S-S,Массовка для съемки были набраны из числа местных студентов.,Массовка для съемки,были набраны из числа местных студентов.,1.6105056,-2.880809
429,6.0,54.0,2.0,S,P,S,S_S-P,Массовка для съемок была набрана из числа местных студентов.,Массовка для съемок,была набрана из числа местных студентов.,1.1834688,-3.7314777
430,7.0,54.0,2.0,S,P,P,P_S-P,Массовка для съемок были набраны из числа местных студентов.,Массовка для съемок,были набраны из числа местных студентов.,1.1834688,-3.7314777
431,8.0,54.0,2.0,P,S,S,S_P-S,Массовки для съемки была набрана из числа местных студентов.,Массовки для съемки,была набрана из числа местных студентов.,-0.98905873,1.7661202
432,1.0,55.0,2.0,P,P,S,S_P-P,Материалы для крыш был бракованным из-за нарушения режима хранения.,Материалы для крыш,был бракованным из-за нарушения режима хранения.,-2.6685023,-0.98785913
433,2.0,55.0,2.0,P,P,P,P_P-P,Материалы для крыш были бракованными из-за нарушения режима хранения.,Материалы для крыш,были бракованными из-за нарушения режима хранения.,-2.6685023,-0.98785913
434,3.0,55.0,2.0,S,S,S,S_S-S,Материал для крыши был бракованным из-за нарушения режима хранения.,Материал для крыши,был бракованным из-за нарушения режима хранения.,3.0040648,-2.6015632
435,4.0,55.0,2.0,S,S,P,P_S-S,Материал для крыши были бракованными из-за нарушения режима хранения.,Материал для крыши,были бракованными из-за нарушения режима хранения.,3.0040648,-2.6015632
436,5.0,55.0,2.0,S,P,S,S_S-P,Материал для крыш был бракованным из-за нарушения режима хранения.,Материал для крыш,был бракованным из-за нарушения режима хранения.,1.4248164,-4.200417
437,6.0,55.0,2.0,S,P,P,P_S-P,Материал для крыш были бракованными из-за нарушения режима хранения.,Материал для крыш,были бракованными из-за нарушения режима хранения.,1.4248164,-4.200417
438,7.0,55.0,2.0,P,S,S,S_P-S,Материалы для крыши был бракованным из-за нарушения режима хранения.,Материалы для крыши,был бракованным из-за нарушения режима хранения.,-2.1221597,0.034693673
439,8.0,55.0,2.0,P,S,P,P_P-S,Материалы для крыши были бракованными из-за нарушения режима хранения.,Материалы для крыши,были бракованными из-за нарушения режима хранения.,-2.1221597,0.034693673
440,1.0,56.0,2.0,P,P,P,P_P-P,Моторы для лодок были заказаны с учётом пожеланий рыбаков.,Моторы для лодок,были заказаны с учётом пожеланий рыбаков.,-1.6854658,-0.22421461
441,2.0,56.0,2.0,S,S,S,S_S-S,Мотор для лодки был заказан с учётом пожеланий рыбаков.,Мотор для лодки,был заказан с учётом пожеланий рыбаков.,2.019788,-3.2523923
442,3.0,56.0,2.0,S,S,P,P_S-S,Мотор для лодки были заказаны с учётом пожеланий рыбаков.,Мотор для лодки,были заказаны с учётом пожеланий рыбаков.,2.019788,-3.2523923
443,4.0,56.0,2.0,S,P,S,S_S-P,Мотор для лодок был заказан с учётом пожеланий рыбаков.,Мотор для лодок,был заказан с учётом пожеланий рыбаков.,0.54356027,-3.42036
444,5.0,56.0,2.0,S,P,P,P_S-P,Мотор для лодок были заказаны с учётом пожеланий рыбаков.,Мотор для лодок,были заказаны с учётом пожеланий рыбаков.,0.54356027,-3.42036
445,6.0,56.0,2.0,P,S,S,S_P-S,Моторы для лодки был заказан с учётом пожеланий рыбаков.,Моторы для лодки,был заказан с учётом пожеланий рыбаков.,-0.6109787,1.1047549
446,7.0,56.0,2.0,P,S,P,P_P-S,Моторы для лодки были заказаны с учётом пожеланий рыбаков.,Моторы для лодки,были заказаны с учётом пожеланий рыбаков.,-0.6109787,1.1047549
447,8.0,56.0,2.0,P,P,S,S_P-P,Моторы для лодок был заказан с учётом пожеланий рыбаков.,Моторы для лодок,был заказан с учётом пожеланий рыбаков.,-1.6854658,-0.22421461
448,1.0,57.0,2.0,S,S,S,S_S-S,Мяч для игры был разработан для детских дошкольных учреждений.,Мяч для игры,был разработан для детских дошкольных учреждений.,2.0133533,-2.1911645
449,2.0,57.0,2.0,S,S,P,P_S-S,Мяч для игры были разработаны для детских дошкольных учреждений.,Мяч для игры,были разработаны для детских дошкольных учреждений.,2.0133533,-2.1911645
450,3.0,57.0,2.0,S,P,S,S_S-P,Мяч для игр был разработан для детских дошкольных учреждений.,Мяч для игр,был разработан для детских дошкольных учреждений.,0.72095597,-2.6842284
451,4.0,57.0,2.0,S,P,P,P_S-P,Мяч для игр были разработаны для детских дошкольных учреждений.,Мяч для игр,были разработаны для детских дошкольных учреждений.,0.72095597,-2.6842284
452,5.0,57.0,2.0,P,S,S,S_P-S,Мячи для игры был разработан для детских дошкольных учреждений.,Мячи для игры,был разработан для детских дошкольных учреждений.,-2.9582424,2.3648148
453,6.0,57.0,2.0,P,S,P,P_P-S,Мячи для игры были разработаны для детских дошкольных учреждений.,Мячи для игры,были разработаны для детских дошкольных учреждений.,-2.9582424,2.3648148
454,7.0,57.0,2.0,P,P,S,S_P-P,Мячи для игр был разработан для детских дошкольных учреждений.,Мячи для игр,был разработан для детских дошкольных учреждений.,-2.6109076,2.205049
455,8.0,57.0,2.0,P,P,P,P_P-P,Мячи для игр были разработаны для детских дошкольных учреждений.,Мячи для игр,были разработаны для детских дошкольных учреждений.,-2.6109076,2.205049
456,1.0,58.0,2.0,S,S,P,P_S-S,Перелом из-за падения были тяжелыми из-за преклонного возраста альпиниста.,Перелом из-за падения,были тяжелыми из-за преклонного возраста альпиниста.,1.3004813,-3.3734987
457,2.0,58.0,2.0,S,P,S,S_S-P,Перелом из-за падений был тяжелым из-за преклонного возраста альпиниста.,Перелом из-за падений,был тяжелым из-за преклонного возраста альпиниста.,2.9942513,-2.196033
458,3.0,58.0,2.0,S,P,P,P_S-P,Перелом из-за падений были тяжелыми из-за преклонного возраста альпиниста.,Перелом из-за падений,были тяжелыми из-за преклонного возраста альпиниста.,2.9942513,-2.196033
459,4.0,58.0,2.0,P,S,S,S_P-S,Переломы из-за падения был тяжелым из-за преклонного возраста альпиниста.,Переломы из-за падения,был тяжелым из-за преклонного возраста альпиниста.,-2.277732,0.5646069
460,5.0,58.0,2.0,P,S,P,P_P-S,Переломы из-за падения были тяжелыми из-за преклонного возраста альпиниста.,Переломы из-за падения,были тяжелыми из-за преклонного возраста альпиниста.,-2.277732,0.5646069
461,6.0,58.0,2.0,P,P,S,S_P-P,Переломы из-за падений был тяжелым из-за преклонного возраста альпиниста.,Переломы из-за падений,был тяжелым из-за преклонного возраста альпиниста.,-0.6835634,2.1475263
462,7.0,58.0,2.0,P,P,P,P_P-P,Переломы из-за падений были тяжелыми из-за преклонного возраста альпиниста.,Переломы из-за падений,были тяжелыми из-за преклонного возраста альпиниста.,-0.6835634,2.1475263
463,8.0,58.0,2.0,S,S,S,S_S-S,Перелом из-за падения был тяжелым из-за преклонного возраста альпиниста.,Перелом из-за падения,был тяжелым из-за преклонного возраста альпиниста.,1.3004813,-3.3734987
464,1.0,59.0,2.0,S,P,S,S_S-P,Пристань для яхт была мокрой из-за высоких штормовых волн.,Пристань для яхт,была мокрой из-за высоких штормовых волн.,2.4151912,-3.0664608
465,2.0,59.0,2.0,S,P,P,P_S-P,Пристань для яхт были мокрыми из-за высоких штормовых волн.,Пристань для яхт,были мокрыми из-за высоких штормовых волн.,2.4151912,-3.0664608
466,3.0,59.0,2.0,P,S,S,S_P-S,Пристани для яхты была мокрой из-за высоких штормовых волн.,Пристани для яхты,была мокрой из-за высоких штормовых волн.,0.042335913,2.4226775
467,4.0,59.0,2.0,P,S,P,P_P-S,Пристани для яхты были мокрыми из-за высоких штормовых волн.,Пристани для яхты,были мокрыми из-за высоких штормовых волн.,0.042335913,2.4226775
468,5.0,59.0,2.0,P,P,S,S_P-P,Пристани для яхт была мокрой из-за высоких штормовых волн.,Пристани для яхт,была мокрой из-за высоких штормовых волн.,-0.97888005,1.8444147
469,6.0,59.0,2.0,P,P,P,P_P-P,Пристани для яхт были мокрыми из-за высоких штормовых волн.,Пристани для яхт,были мокрыми из-за высоких штормовых волн.,-0.97888005,1.8444147
470,7.0,59.0,2.0,S,S,S,S_S-S,Пристань для яхты была мокрой из-за высоких штормовых волн.,Пристань для яхты,была мокрой из-за высоких штормовых волн.,2.5846577,-2.2284427
471,8.0,59.0,2.0,S,S,P,P_S-S,Пристань для яхты были мокрыми из-за высоких штормовых волн.,Пристань для яхты,были мокрыми из-за высоких штормовых волн.,2.5846577,-2.2284427
472,1.0,60.0,2.0,S,P,P,P_S-P,Пропуск из-за травм были согласованы с главным врачом команды.,Пропуск из-за травм,были согласованы с главным врачом команды.,2.64144,-1.9464142
473,2.0,60.0,2.0,P,S,S,S_P-S,Пропуски из-за травмы был согласован с главным врачом команды.,Пропуски из-за травмы,был согласован с главным врачом команды.,-1.4469553,2.433055
474,3.0,60.0,2.0,P,S,P,P_P-S,Пропуски из-за травмы были согласованы с главным врачом команды.,Пропуски из-за травмы,были согласованы с главным врачом команды.,-1.4469553,2.433055
475,4.0,60.0,2.0,P,P,S,S_P-P,Пропуски из-за травм был согласован с главным врачом команды.,Пропуски из-за травм,был согласован с главным врачом команды.,-2.714886,2.8875992
476,5.0,60.0,2.0,P,P,P,P_P-P,Пропуски из-за травм были согласованы с главным врачом команды.,Пропуски из-за травм,были согласованы с главным врачом команды.,-2.714886,2.8875992
477,6.0,60.0,2.0,S,S,S,S_S-S,Пропуск из-за травмы был согласован с главным врачом команды.,Пропуск из-за травмы,был согласован с главным врачом команды.,2.581084,-3.360402
478,7.0,60.0,2.0,S,S,P,P_S-S,Пропуск из-за травмы были согласованы с главным врачом команды.,Пропуск из-за травмы,были согласованы с главным врачом команды.,2.581084,-3.360402
479,8.0,60.0,2.0,S,P,S,S_S-P,Пропуск из-за травм был согласован с главным врачом команды.,Пропуск из-за травм,был согласован с главным врачом команды.,2.64144,-1.9464142
480,1.0,61.0,2.0,P,S,S,S_P-S,Рассказы об аварии был приукрашен для усиления эмоционального напряжения.,Рассказы об аварии,был приукрашен для усиления эмоционального напряжения.,-1.8868878,0.7738781
481,2.0,61.0,2.0,P,S,P,P_P-S,Рассказы об аварии были приукрашены для усиления эмоционального напряжения.,Рассказы об аварии,были приукрашены для усиления эмоционального напряжения.,-1.8868878,0.7738781
482,3.0,61.0,2.0,P,P,S,S_P-P,Рассказы об авариях был приукрашен для усиления эмоционального напряжения.,Рассказы об авариях,был приукрашен для усиления эмоционального напряжения.,-0.96359825,1.1407418
483,4.0,61.0,2.0,P,P,P,P_P-P,Рассказы об авариях были приукрашены для усиления эмоционального напряжения.,Рассказы об авариях,были приукрашены для усиления эмоционального напряжения.,-0.96359825,1.1407418
484,5.0,61.0,2.0,S,S,S,S_S-S,Рассказ об аварии был приукрашен для усиления эмоционального напряжения.,Рассказ об аварии,был приукрашен для усиления эмоционального напряжения.,2.144516,-4.4419165
485,6.0,61.0,2.0,S,S,P,P_S-S,Рассказ об аварии были приукрашены для усиления эмоционального напряжения.,Рассказ об аварии,были приукрашены для усиления эмоционального напряжения.,2.144516,-4.4419165
486,7.0,61.0,2.0,S,P,S,S_S-P,Рассказ об авариях был приукрашен для усиления эмоционального напряжения.,Рассказ об авариях,был приукрашен для усиления эмоционального напряжения.,1.9416878,-3.8844151
487,8.0,61.0,2.0,S,P,P,P_S-P,Рассказ об авариях были приукрашены для усиления эмоционального напряжения.,Рассказ об авариях,были приукрашены для усиления эмоционального напряжения.,1.9416878,-3.8844151
488,1.0,62.0,2.0,P,S,P,P_P-S,Репортажи для газеты были написаны после разрешения публичной огласки.,Репортажи для газеты,были написаны после разрешения публичной огласки.,-2.1256585,-0.070292905
489,2.0,62.0,2.0,P,P,S,S_P-P,Репортажи для газет был написан после разрешения публичной огласки.,Репортажи для газет,был написан после разрешения публичной огласки.,-2.1616986,1.2726002
490,3.0,62.0,2.0,P,P,P,P_P-P,Репортажи для газет были написаны после разрешения публичной огласки.,Репортажи для газет,были написаны после разрешения публичной огласки.,-2.1616986,1.2726002
491,4.0,62.0,2.0,S,S,S,S_S-S,Репортаж для газеты был написан после разрешения публичной огласки.,Репортаж для газеты,был написан после разрешения публичной огласки.,1.037828,-4.1553884
492,5.0,62.0,2.0,S,S,P,P_S-S,Репортаж для газеты были написаны после разрешения публичной огласки.,Репортаж для газеты,были написаны после разрешения публичной огласки.,1.037828,-4.1553884
493,6.0,62.0,2.0,S,P,S,S_S-P,Репортаж для газет был написан после разрешения публичной огласки.,Репортаж для газет,был написан после разрешения публичной огласки.,1.3215419,-1.4562315
494,7.0,62.0,2.0,S,P,P,P_S-P,Репортаж для газет были написаны после разрешения публичной огласки.,Репортаж для газет,были написаны после разрешения публичной огласки.,1.3215419,-1.4562315
495,8.0,62.0,2.0,P,S,S,S_P-S,Репортажи для газеты был написан после разрешения публичной огласки.,Репортажи для газеты,был написан после разрешения публичной огласки.,-2.1256585,-0.070292905
496,1.0,63.0,2.0,P,P,S,S_P-P,Скандалы из-за статей был масштабным в глазах непосредственных участников.,Скандалы из-за статей,был масштабным в глазах непосредственных участников.,-1.83593,0.46859658
497,2.0,63.0,2.0,P,P,P,P_P-P,Скандалы из-за статей были масштабными в глазах непосредственных участников.,Скандалы из-за статей,были масштабными в глазах непосредственных участников.,-1.83593,0.46859658
498,3.0,63.0,2.0,S,S,S,S_S-S,Скандал из-за статьи был масштабным в глазах непосредственных участников.,Скандал из-за статьи,был масштабным в глазах непосредственных участников.,1.2648786,-5.2631855
499,4.0,63.0,2.0,S,S,P,P_S-S,Скандал из-за статьи были масштабными в глазах непосредственных участников.,Скандал из-за статьи,были масштабными в глазах непосредственных участников.,1.2648786,-5.2631855
500,5.0,63.0,2.0,S,P,S,S_S-P,Скандал из-за статей был масштабным в глазах непосредственных участников.,Скандал из-за статей,был масштабным в глазах непосредственных участников.,0.88188773,-3.5466256
501,6.0,63.0,2.0,S,P,P,P_S-P,Скандал из-за статей были масштабными в глазах непосредственных участников.,Скандал из-за статей,были масштабными в глазах непосредственных участников.,0.88188773,-3.5466256
502,7.0,63.0,2.0,P,S,S,S_P-S,Скандалы из-за статьи был масштабным в глазах непосредственных участников.,Скандалы из-за статьи,был масштабным в глазах непосредственных участников.,-1.5422798,0.7791277
503,8.0,63.0,2.0,P,S,P,P_P-S,Скандалы из-за статьи были масштабными в глазах непосредственных участников.,Скандалы из-за статьи,были масштабными в глазах непосредственных участников.,-1.5422798,0.7791277
504,1.0,64.0,2.0,P,P,P,P_P-P,Скидки от авиакомпаний были беспрецедентными из-за недавнего крушения самолёта.,Скидки от авиакомпаний,были беспрецедентными из-за недавнего крушения самолёта.,-2.7320998,-0.06911278
505,2.0,64.0,2.0,S,S,S,S_S-S,Скидка от авиакомпании была беспрецедентной из-за недавнего крушения самолёта.,Скидка от авиакомпании,была беспрецедентной из-за недавнего крушения самолёта.,1.1262426,-3.646192
506,3.0,64.0,2.0,S,S,P,P_S-S,Скидка от авиакомпании были беспрецедентными из-за недавнего крушения самолёта.,Скидка от авиакомпании,были беспрецедентными из-за недавнего крушения самолёта.,1.1262426,-3.646192
507,4.0,64.0,2.0,S,P,S,S_S-P,Скидка от авиакомпаний была беспрецедентной из-за недавнего крушения самолёта.,Скидка от авиакомпаний,была беспрецедентной из-за недавнего крушения самолёта.,0.2648604,-4.1590776
508,5.0,64.0,2.0,S,P,P,P_S-P,Скидка от авиакомпаний были беспрецедентными из-за недавнего крушения самолёта.,Скидка от авиакомпаний,были беспрецедентными из-за недавнего крушения самолёта.,0.2648604,-4.1590776
509,6.0,64.0,2.0,P,S,S,S_P-S,Скидки от авиакомпании была беспрецедентной из-за недавнего крушения самолёта.,Скидки от авиакомпании,была беспрецедентной из-за недавнего крушения самолёта.,-2.4961302,-0.021433711
510,7.0,64.0,2.0,P,S,P,P_P-S,Скидки от авиакомпании были беспрецедентными из-за недавнего крушения самолёта.,Скидки от авиакомпании,были беспрецедентными из-за недавнего крушения самолёта.,-2.4961302,-0.021433711
511,8.0,64.0,2.0,P,P,S,S_P-P,Скидки от авиакомпаний была беспрецедентной из-за недавнего крушения самолёта.,Скидки от авиакомпаний,была беспрецедентной из-за недавнего крушения самолёта.,-2.7320998,-0.06911278
