Prot,Sent,Group,N1,N2,Pred,Code,Sentence
1,1,1,S,S,S,S_S-S,Абонемент на концерт был дорогим из-за участия популярных артистов.
2,1,1,S,S,P,P_S-S,Абонемент на концерт были дорогими из-за участия популярных артистов.
3,1,1,S,P,S,S_S-P,Абонемент на концерты был дорогим из-за участия популярных артистов.
4,1,1,S,P,P,P_S-P,Абонемент на концерты были дорогими из-за участия популярных артистов.
5,1,1,P,S,S,S_P-S,Абонементы на концерт был дорогим из-за участия популярных артистов.
6,1,1,P,S,P,P_P-S,Абонементы на концерт были дорогими из-за участия популярных артистов.
7,1,1,P,P,S,S_P-P,Абонементы на концерты был дорогим из-за участия популярных артистов.
8,1,1,P,P,P,P_P-P,Абонементы на концерты были дорогими из-за участия популярных артистов.
1,2,1,S,S,P,P_S-S,Анекдот про экзамен были обидными для строгого пожилого учителя.
2,2,1,S,P,S,S_S-P,Анекдот про экзамены был обидным для строгого пожилого учителя.
3,2,1,S,P,P,P_S-P,Анекдот про экзамены были обидными для строгого пожилого учителя.
4,2,1,P,S,S,S_P-S,Анекдоты про экзамен был обидным для строгого пожилого учителя.
5,2,1,P,S,P,P_P-S,Анекдоты про экзамен были обидными для строгого пожилого учителя.
6,2,1,P,P,S,S_P-P,Анекдоты про экзамены был обидным для строгого пожилого учителя.
7,2,1,P,P,P,P_P-P,Анекдоты про экзамены были обидными для строгого пожилого учителя.
8,2,1,S,S,S,S_S-S,Анекдот про экзамен был обидным для строгого пожилого учителя.
1,3,1,S,P,S,S_S-P,Арка во дворы была проделана в несущей конструкции здания
2,3,1,S,P,P,P_S-P,Арка во дворы были проделаны в несущей конструкции здания
3,3,1,P,S,S,S_P-S,Арки во двор была проделана в несущей конструкции здания
4,3,1,P,S,P,P_P-S,Арки во двор были проделаны в несущей конструкции здания
5,3,1,P,P,S,S_P-P,Арки во дворы была проделана в несущей конструкции здания
6,3,1,P,P,P,P_P-P,Арки во дворы были проделаны в несущей конструкции здания
7,3,1,S,S,S,S_S-S,Арка во двор была проделана в несущей конструкции здания
8,3,1,S,S,P,P_S-S,Арка во двор были проделаны в несущей конструкции здания
1,4,1,S,P,P,P_S-P,Атака на крепости были безуспешными из-за стратегической ошибки полководца.
2,4,1,P,S,S,S_P-S,Атаки на крепость была безуспешной из-за стратегической ошибки полководца.
3,4,1,P,S,P,P_P-S,Атаки на крепость были безуспешными из-за стратегической ошибки полководца.
4,4,1,P,P,S,S_P-P,Атаки на крепости была безуспешной из-за стратегической ошибки полководца.
5,4,1,P,P,P,P_P-P,Атаки на крепости были безуспешными из-за стратегической ошибки полководца.
6,4,1,S,S,S,S_S-S,Атака на крепость была безуспешной из-за стратегической ошибки полководца.
7,4,1,S,S,P,P_S-S,Атака на крепость были безуспешными из-за стратегической ошибки полководца.
8,4,1,S,P,S,S_S-P,Атака на крепости была безуспешной из-за стратегической ошибки полководца.
1,5,1,P,S,S,S_P-S,Билеты в музей был утерян во время уличной демонстрации.
2,5,1,P,S,P,P_P-S,Билеты в музей были утеряны во время уличной демонстрации.
3,5,1,P,P,S,S_P-P,Билеты в музеи был утерян во время уличной демонстрации.
4,5,1,P,P,P,P_P-P,Билеты в музеи были утеряны во время уличной демонстрации.
5,5,1,S,S,S,S_S-S,Билет в музей был утерян во время уличной демонстрации.
6,5,1,S,S,P,P_S-S,Билет в музей были утеряны во время уличной демонстрации.
7,5,1,S,P,S,S_S-P,Билет в музеи был утерян во время уличной демонстрации.
8,5,1,S,P,P,P_S-P,Билет в музеи были утеряны во время уличной демонстрации.
1,6,1,P,S,P,P_P-S,Взгляды на снимок были брошены из-под длинных опущенных ресниц.
2,6,1,P,P,S,S_P-P,Взгляды на снимки был брошен из-под длинных опущенных ресниц.
3,6,1,P,P,P,P_P-P,Взгляды на снимки были брошены из-под длинных опущенных ресниц.
4,6,1,S,S,S,S_S-S,Взгляд на снимок был брошен из-под длинных опущенных ресниц.
5,6,1,S,S,P,P_S-S,Взгляд на снимок были брошены из-под длинных опущенных ресниц.
6,6,1,S,P,S,S_S-P,Взгляд на снимки был брошен из-под длинных опущенных ресниц.
7,6,1,S,P,P,P_S-P,Взгляд на снимки были брошены из-под длинных опущенных ресниц.
8,6,1,P,S,S,S_P-S,Взгляды на снимок был брошен из-под длинных опущенных ресниц.
1,7,1,P,P,S,S_P-P,Возражения на упреки было принято без излишне бурных эмоций.
2,7,1,P,P,P,P_P-P,Возражения на упреки были приняты без излишне бурных эмоций.
3,7,1,S,S,S,S_S-S,Возражение на упрек было принято без излишне бурных эмоций.
4,7,1,S,S,P,P_S-S,Возражение на упрек были приняты без излишне бурных эмоций.
5,7,1,S,P,S,S_S-P,Возражение на упреки было принято без излишне бурных эмоций.
6,7,1,S,P,P,P_S-P,Возражение на упреки были приняты без излишне бурных эмоций.
7,7,1,P,S,S,S_P-S,Возражения на упрек было принято без излишне бурных эмоций.
8,7,1,P,S,P,P_P-S,Возражения на упрек были приняты без излишне бурных эмоций.
1,8,1,P,P,P,P_P-P,Выстрелы в цели были неточными из-за сбитого прицела ружья.
2,8,1,S,S,S,S_S-S,Выстрел в цель был неточным из-за сбитого прицела ружья.
3,8,1,S,S,P,P_S-S,Выстрел в цель были неточными из-за сбитого прицела ружья.
4,8,1,S,P,S,S_S-P,Выстрел в цели был неточным из-за сбитого прицела ружья.
5,8,1,S,P,P,P_S-P,Выстрел в цели были неточными из-за сбитого прицела ружья.
6,8,1,P,S,S,S_P-S,Выстрелы в цель был неточным из-за сбитого прицела ружья.
7,8,1,P,S,P,P_P-S,Выстрелы в цель были неточными из-за сбитого прицела ружья.
8,8,1,P,P,S,S_P-P,Выстрелы в цели был неточным из-за сбитого прицела ружья.
1,9,1,S,S,S,S_S-S,Дорога через лес была проложена для снабжения людей провизией.
2,9,1,S,S,P,P_S-S,Дорога через лес были проложены для снабжения людей провизией.
3,9,1,S,P,S,S_S-P,Дорога через леса была проложена для снабжения людей провизией.
4,9,1,S,P,P,P_S-P,Дорога через леса были проложены для снабжения людей провизией.
5,9,1,P,S,S,S_P-S,Дороги через лес была проложена для снабжения людей провизией.
6,9,1,P,S,P,P_P-S,Дороги через лес были проложены для снабжения людей провизией.
7,9,1,P,P,S,S_P-P,Дороги через леса была проложена для снабжения людей провизией.
8,9,1,P,P,P,P_P-P,Дороги через леса были проложены для снабжения людей провизией.
1,10,1,S,S,P,P_S-S,Жалоба на боль были тихими из-за нарушения дыхания пациента.
2,10,1,S,P,S,S_S-P,Жалоба на боли была тихой из-за нарушения дыхания пациента.
3,10,1,S,P,P,P_S-P,Жалоба на боли были тихими из-за нарушения дыхания пациента.
4,10,1,P,S,S,S_P-S,Жалобы на боль была тихой из-за нарушения дыхания пациента.
5,10,1,P,S,P,P_P-S,Жалобы на боль были тихими из-за нарушения дыхания пациента.
6,10,1,P,P,S,S_P-P,Жалобы на боли была тихой из-за нарушения дыхания пациента.
7,10,1,P,P,P,P_P-P,Жалобы на боли были тихими из-за нарушения дыхания пациента.
8,10,1,S,S,S,S_S-S,Жалоба на боль была тихой из-за нарушения дыхания пациента.
1,11,1,S,P,S,S_S-P,История про убийства была рассказана в присутствии маленьких детей.
2,11,1,S,P,P,P_S-P,История про убийства были рассказаны в присутствии маленьких детей.
3,11,1,P,S,S,S_P-S,Истории про убийство была рассказана в присутствии маленьких детей.
4,11,1,P,S,P,P_P-S,Истории про убийство были рассказаны в присутствии маленьких детей.
5,11,1,P,P,S,S_P-P,Истории про убийства была рассказана в присутствии маленьких детей.
6,11,1,P,P,P,P_P-P,Истории про убийства были рассказаны в присутствии маленьких детей.
7,11,1,S,S,S,S_S-S,История про убийство была рассказана в присутствии маленьких детей.
8,11,1,S,S,P,P_S-S,История про убийство были рассказаны в присутствии маленьких детей.
1,12,1,S,P,P,P_S-P,Тропинка через луга были протоптаны во время деревенской ярмарки.
2,12,1,P,S,S,S_P-S,Тропинки через луг была протоптана во время деревенской ярмарки.
3,12,1,P,S,P,P_P-S,Тропинки через луг были протоптаны во время деревенской ярмарки.
4,12,1,P,P,S,S_P-P,Тропинки через луга была протоптана во время деревенской ярмарки.
5,12,1,P,P,P,P_P-P,Тропинки через луга были протоптаны во время деревенской ярмарки.
6,12,1,S,S,S,S_S-S,Тропинка через луг была протоптана во время деревенской ярмарки.
7,12,1,S,S,P,P_S-S,Тропинка через луг были протоптаны во время деревенской ярмарки.
8,12,1,S,P,S,S_S-P,Тропинка через луга была протоптана во время деревенской ярмарки.
1,13,1,P,S,S,S_P-S,Кружева на наряд было упаковано в вышитый шёлковый мешочек.
2,13,1,P,S,P,P_P-S,Кружева на наряд были упакованы в вышитый шёлковый мешочек.
3,13,1,P,P,S,S_P-P,Кружева на наряды было упаковано в вышитый шёлковый мешочек.
4,13,1,P,P,P,P_P-P,Кружева на наряды были упакованы в вышитый шёлковый мешочек.
5,13,1,S,S,S,S_S-S,Кружево на наряд было упаковано в вышитый шёлковый мешочек.
6,13,1,S,S,P,P_S-S,Кружево на наряд были упакованы в вышитый шёлковый мешочек.
7,13,1,S,P,S,S_S-P,Кружево на наряды было упаковано в вышитый шёлковый мешочек.
8,13,1,S,P,P,P_S-P,Кружево на наряды были упакованы в вышитый шёлковый мешочек.
1,14,1,P,S,P,P_P-S,Легенды про замок были записаны в старинной летописи графства.
2,14,1,P,P,S,S_P-P,Легенды про замки была записана в старинной летописи графства.
3,14,1,P,P,P,P_P-P,Легенды про замки были записаны в старинной летописи графства.
4,14,1,S,S,S,S_S-S,Легенда про замок была записана в старинной летописи графства.
5,14,1,S,S,P,P_S-S,Легенда про замок были записаны в старинной летописи графства.
6,14,1,S,P,S,S_S-P,Легенда про замки была записана в старинной летописи графства.
7,14,1,S,P,P,P_S-P,Легенда про замки были записаны в старинной летописи графства.
8,14,1,P,S,S,S_P-S,Легенды про замок была записана в старинной летописи графства.
1,15,1,P,P,S,S_P-P,Лестницы в подвалы была крутой из-за отсутствия свободного места.
2,15,1,P,P,P,P_P-P,Лестницы в подвалы были крутыми из-за отсутствия свободного места.
3,15,1,S,S,S,S_S-S,Лестница в подвал была крутой из-за отсутствия свободного места.
4,15,1,S,S,P,P_S-S,Лестница в подвал были крутыми из-за отсутствия свободного места.
5,15,1,S,P,S,S_S-P,Лестница в подвалы была крутой из-за отсутствия свободного места.
6,15,1,S,P,P,P_S-P,Лестница в подвалы были крутыми из-за отсутствия свободного места.
7,15,1,P,S,S,S_P-S,Лестницы в подвал была крутой из-за отсутствия свободного места.
8,15,1,P,S,P,P_P-S,Лестницы в подвал были крутыми из-за отсутствия свободного места.
1,16,1,P,P,P,P_P-P,Мосты через овраги были возведены после окончания военных действий.
2,16,1,S,S,S,S_S-S,Мост через овраг был возведён после окончания военных действий.
3,16,1,S,S,P,P_S-S,Мост через овраг были возведены после окончания военных действий.
4,16,1,S,P,S,S_S-P,Мост через овраги был возведён после окончания военных действий.
5,16,1,S,P,P,P_S-P,Мост через овраги были возведены после окончания военных действий.
6,16,1,P,S,S,S_P-S,Мосты через овраг был возведён после окончания военных действий.
7,16,1,P,S,P,P_P-S,Мосты через овраг были возведены после окончания военных действий.
8,16,1,P,P,S,S_P-P,Мосты через овраги был возведён после окончания военных действий.
1,17,1,S,S,S,S_S-S,Налог на доход был повышен из-за смены политического курса.
2,17,1,S,S,P,P_S-S,Налог на доход были повышены из-за смены политического курса.
3,17,1,S,P,S,S_S-P,Налог на доходы был повышен из-за смены политического курса.
4,17,1,S,P,P,P_S-P,Налог на доходы были повышены из-за смены политического курса.
5,17,1,P,S,S,S_P-S,Налоги на доход был повышен из-за смены политического курса.
6,17,1,P,S,P,P_P-S,Налоги на доход были повышены из-за смены политического курса.
7,17,1,P,P,S,S_P-P,Налоги на доходы был повышен из-за смены политического курса.
8,17,1,P,P,P,P_P-P,Налоги на доходы были повышены из-за смены политического курса.
1,18,1,S,S,P,P_S-S,Нападение на банк были совершены с применением холодного оружия. 
2,18,1,S,P,S,S_S-P,Нападение на банки было совершено с применением холодного оружия. 
3,18,1,S,P,P,P_S-P,Нападение на банки были совершены с применением холодного оружия. 
4,18,1,P,S,S,S_P-S,Нападения на банк было совершено с применением холодного оружия. 
5,18,1,P,S,P,P_P-S,Нападения на банк были совершены с применением холодного оружия. 
6,18,1,P,P,S,S_P-P,Нападения на банки было совершено с применением холодного оружия. 
7,18,1,P,P,P,P_P-P,Нападения на банки были совершены с применением холодного оружия. 
8,18,1,S,S,S,S_S-S,Нападение на банк было совершено с применением холодного оружия. 
1,19,1,S,P,S,S_S-P,Окно в сады было закрыто из-за сильного холодного ветра.
2,19,1,S,P,P,P_S-P,Окно в сады были закрыты из-за сильного холодного ветра.
3,19,1,P,S,S,S_P-S,Окна в сад было закрыто из-за сильного холодного ветра.
4,19,1,P,S,P,P_P-S,Окна в сад были закрыты из-за сильного холодного ветра.
5,19,1,P,P,S,S_P-P,Окна в сады было закрыто из-за сильного холодного ветра.
6,19,1,P,P,P,P_P-P,Окна в сады были закрыты из-за сильного холодного ветра.
7,19,1,S,S,S,S_S-S,Окно в сад было закрыто из-за сильного холодного ветра.
8,19,1,S,S,P,P_S-S,Окно в сад были закрыты из-за сильного холодного ветра.
1,20,1,S,P,P,P_S-P,Ответ на вопросы были неверными из-за недостаточного знания материала.
2,20,1,P,S,S,S_P-S,Ответы на вопрос был неверным из-за недостаточного знания материала.
3,20,1,P,S,P,P_P-S,Ответы на вопрос были неверными из-за недостаточного знания материала.
4,20,1,P,P,S,S_P-P,Ответы на вопросы был неверным из-за недостаточного знания материала.
5,20,1,P,P,P,P_P-P,Ответы на вопросы были неверными из-за недостаточного знания материала.
6,20,1,S,S,S,S_S-S,Ответ на вопрос был неверным из-за недостаточного знания материала.
7,20,1,S,S,P,P_S-S,Ответ на вопрос были неверными из-за недостаточного знания материала.
8,20,1,S,P,S,S_S-P,Ответ на вопросы был неверным из-за недостаточного знания материала.
1,21,1,P,S,S,S_P-S,Очереди в театр была бесконечной из-за большого наплыва туристов.
2,21,1,P,S,P,P_P-S,Очереди в театр были бесконечными из-за большого наплыва туристов.
3,21,1,P,P,S,S_P-P,Очереди в театры была бесконечной из-за большого наплыва туристов.
4,21,1,P,P,P,P_P-P,Очереди в театры были бесконечными из-за большого наплыва туристов.
5,21,1,S,S,S,S_S-S,Очередь в театр была бесконечной из-за большого наплыва туристов.
6,21,1,S,S,P,P_S-S,Очередь в театр были бесконечными из-за большого наплыва туристов.
7,21,1,S,P,S,S_S-P,Очередь в театры была бесконечной из-за большого наплыва туристов.
8,21,1,S,P,P,P_S-P,Очередь в театры были бесконечными из-за большого наплыва туристов.
1,22,1,P,S,P,P_P-S,Переправы через ручей были опасными из-за тяжёлых погодных условий.
2,22,1,P,P,S,S_P-P,Переправы через ручьи была опасной из-за тяжёлых погодных условий.
3,22,1,P,P,P,P_P-P,Переправы через ручьи были опасными из-за тяжёлых погодных условий.
4,22,1,S,S,S,S_S-S,Переправа через ручей была опасной из-за тяжёлых погодных условий.
5,22,1,S,S,P,P_S-S,Переправа через ручей были опасными из-за тяжёлых погодных условий.
6,22,1,S,P,S,S_S-P,Переправа через ручьи была опасной из-за тяжёлых погодных условий.
7,22,1,S,P,P,P_S-P,Переправа через ручьи были опасными из-за тяжёлых погодных условий.
8,22,1,P,S,S,S_P-S,Переправы через ручей была опасной из-за тяжёлых погодных условий.
1,23,1,P,P,S,S_P-P,Песни про поезда была грустной для большинства отставных машинистов.
2,23,1,P,P,P,P_P-P,Песни про поезда были грустными для большинства отставных машинистов.
3,23,1,S,S,S,S_S-S,Песня про поезд была грустной для большинства отставных машинистов.
4,23,1,S,S,P,P_S-S,Песня про поезд были грустными для большинства отставных машинистов.
5,23,1,S,P,S,S_S-P,Песня про поезда была грустной для большинства отставных машинистов.
6,23,1,S,P,P,P_S-P,Песня про поезда были грустными для большинства отставных машинистов.
7,23,1,P,S,S,S_P-S,Песни про поезд была грустной для большинства отставных машинистов.
8,23,1,P,S,P,P_P-S,Песни про поезд были грустными для большинства отставных машинистов.
1,24,1,P,P,P,P_P-P,Письма про походы были отправлены из маленького сибирского посёлка.
2,24,1,S,S,S,S_S-S,Письмо про поход было отправлено из маленького сибирского посёлка.
3,24,1,S,S,P,P_S-S,Письмо про поход были отправлены из маленького сибирского посёлка.
4,24,1,S,P,S,S_S-P,Письмо про походы было отправлено из маленького сибирского посёлка.
5,24,1,S,P,P,P_S-P,Письмо про походы были отправлены из маленького сибирского посёлка.
6,24,1,P,S,S,S_P-S,Письма про поход было отправлено из маленького сибирского посёлка.
7,24,1,P,S,P,P_P-S,Письма про поход были отправлены из маленького сибирского посёлка.
8,24,1,P,P,S,S_P-P,Письма про походы было отправлено из маленького сибирского посёлка.
1,25,1,S,S,S,S_S-S,План на выходной был разрушен из-за визита назойливых родственников.
2,25,1,S,S,P,P_S-S,План на выходной были разрушены из-за визита назойливых родственников.
3,25,1,S,P,S,S_S-P,План на выходные был разрушен из-за визита назойливых родственников.
4,25,1,S,P,P,P_S-P,План на выходные были разрушены из-за визита назойливых родственников.
5,25,1,P,S,S,S_P-S,Планы на выходной был разрушен из-за визита назойливых родственников.
6,25,1,P,S,P,P_P-S,Планы на выходной были разрушены из-за визита назойливых родственников.
7,25,1,P,P,S,S_P-P,Планы на выходные был разрушен из-за визита назойливых родственников.
8,25,1,P,P,P,P_P-P,Планы на выходные были разрушены из-за визита назойливых родственников.
1,26,1,S,S,P,P_S-S,Поездка на остров были незабываемыми для молодых влюблённых студентов.
2,26,1,S,P,S,S_S-P,Поездка на острова была незабываемой для молодых влюблённых студентов.
3,26,1,S,P,P,P_S-P,Поездка на острова были незабываемыми для молодых влюблённых студентов.
4,26,1,P,S,S,S_P-S,Поездки на остров была незабываемой для молодых влюблённых студентов.
5,26,1,P,S,P,P_P-S,Поездки на остров были незабываемыми для молодых влюблённых студентов.
6,26,1,P,P,S,S_P-P,Поездки на острова была незабываемой для молодых влюблённых студентов.
7,26,1,P,P,P,P_P-P,Поездки на острова были незабываемыми для молодых влюблённых студентов.
8,26,1,S,S,S,S_S-S,Поездка на остров была незабываемой для молодых влюблённых студентов.
1,27,1,S,P,S,S_S-P,Полет через проливы был запрещён из-за усилившегося северного ветра.
2,27,1,S,P,P,P_S-P,Полет через проливы были запрещены из-за усилившегося северного ветра.
3,27,1,P,S,S,S_P-S,Полеты через пролив был запрещён из-за усилившегося северного ветра.
4,27,1,P,S,P,P_P-S,Полеты через пролив были запрещены из-за усилившегося северного ветра.
5,27,1,P,P,S,S_P-P,Полеты через проливы был запрещён из-за усилившегося северного ветра.
6,27,1,P,P,P,P_P-P,Полеты через проливы были запрещены из-за усилившегося северного ветра.
7,27,1,S,S,S,S_S-S,Полет через пролив был запрещён из-за усилившегося северного ветра.
8,27,1,S,S,P,P_S-S,Полет через пролив были запрещены из-за усилившегося северного ветра.
1,28,1,S,P,P,P_S-P,Прогулка через парки были приятными для ценителей ландшафтного дизайна.
2,28,1,P,S,S,S_P-S,Прогулки через парк была приятной для ценителей ландшафтного дизайна.
3,28,1,P,S,P,P_P-S,Прогулки через парк были приятными для ценителей ландшафтного дизайна.
4,28,1,P,P,S,S_P-P,Прогулки через парки была приятной для ценителей ландшафтного дизайна.
5,28,1,P,P,P,P_P-P,Прогулки через парки были приятными для ценителей ландшафтного дизайна.
6,28,1,S,S,S,S_S-S,Прогулка через парк была приятной для ценителей ландшафтного дизайна.
7,28,1,S,S,P,P_S-S,Прогулка через парк были приятными для ценителей ландшафтного дизайна.
8,28,1,S,P,S,S_S-P,Прогулка через парки была приятной для ценителей ландшафтного дизайна.
1,29,1,P,S,S,S_P-S,Прыжки через костер был рискованным для обладателей коротких ног.
2,29,1,P,S,P,P_P-S,Прыжки через костер были рискованными для обладателей коротких ног.
3,29,1,P,P,S,S_P-P,Прыжки через костры был рискованным для обладателей коротких ног.
4,29,1,P,P,P,P_P-P,Прыжки через костры были рискованными для обладателей коротких ног.
5,29,1,S,S,S,S_S-S,Прыжок через костер был рискованным для обладателей коротких ног.
6,29,1,S,S,P,P_S-S,Прыжок через костер были рискованными для обладателей коротких ног.
7,29,1,S,P,S,S_S-P,Прыжок через костры был рискованным для обладателей коротких ног.
8,29,1,S,P,P,P_S-P,Прыжок через костры были рискованными для обладателей коротких ног.
1,30,1,P,S,P,P_P-S,Путешествия на курорт были приятными для членов большой семьи.
2,30,1,P,P,S,S_P-P,Путешествия на курорты было приятным для членов большой семьи.
3,30,1,P,P,P,P_P-P,Путешествия на курорты были приятными для членов большой семьи.
4,30,1,S,S,S,S_S-S,Путешествие на курорт было приятным для членов большой семьи.
5,30,1,S,S,P,P_S-S,Путешествие на курорт были приятными для членов большой семьи.
6,30,1,S,P,S,S_S-P,Путешествие на курорты было приятным для членов большой семьи.
7,30,1,S,P,P,P_S-P,Путешествие на курорты были приятными для членов большой семьи.
8,30,1,P,S,S,S_P-S,Путешествия на курорт было приятным для членов большой семьи.
1,31,1,P,P,S,S_P-P,Рецепты на порошки был мятым из-за частого предъявления аптекарям.
2,31,1,P,P,P,P_P-P,Рецепты на порошки были мятыми из-за частого предъявления аптекарям.
3,31,1,S,S,S,S_S-S,Рецепт на порошок был мятым из-за частого предъявления аптекарям.
4,31,1,S,S,P,P_S-S,Рецепт на порошок были мятыми из-за частого предъявления аптекарям.
5,31,1,S,P,S,S_S-P,Рецепт на порошки был мятым из-за частого предъявления аптекарям.
6,31,1,S,P,P,P_S-P,Рецепт на порошки были мятыми из-за частого предъявления аптекарям.
7,31,1,P,S,S,S_P-S,Рецепты на порошок был мятым из-за частого предъявления аптекарям.
8,31,1,P,S,P,P_P-S,Рецепты на порошок были мятыми из-за частого предъявления аптекарям.
1,32,1,P,P,P,P_P-P,Ссылки на сайты были даны в списке источников статьи.
2,32,1,S,S,S,S_S-S,Ссылка на сайт была дана в списке источников статьи.
3,32,1,S,S,P,P_S-S,Ссылка на сайт были даны в списке источников статьи.
4,32,1,S,P,S,S_S-P,Ссылка на сайты была дана в списке источников статьи.
5,32,1,S,P,P,P_S-P,Ссылка на сайты были даны в списке источников статьи.
6,32,1,P,S,S,S_P-S,Ссылки на сайт была дана в списке источников статьи.
7,32,1,P,S,P,P_P-S,Ссылки на сайт были даны в списке источников статьи.
8,32,1,P,P,S,S_P-P,Ссылки на сайты была дана в списке источников статьи.
1,33,2,S,S,S,S_S-S,Аргумент против обвинения был сокрушительным для адвоката пострадавшей стороны.
2,33,2,S,S,P,P_S-S,Аргумент против обвинения были сокрушительными для адвоката пострадавшей стороны.
3,33,2,S,P,S,S_S-P,Аргумент против обвинений был сокрушительным для адвоката пострадавшей стороны.
4,33,2,S,P,P,P_S-P,Аргумент против обвинений были сокрушительными для адвоката пострадавшей стороны.
5,33,2,P,S,S,S_P-S,Аргументы против обвинения был сокрушительным для адвоката пострадавшей стороны.
6,33,2,P,S,P,P_P-S,Аргументы против обвинения были сокрушительными для адвоката пострадавшей стороны.
7,33,2,P,P,S,S_P-P,Аргументы против обвинений был сокрушительным для адвоката пострадавшей стороны.
8,33,2,P,P,P,P_P-P,Аргументы против обвинений были сокрушительными для адвоката пострадавшей стороны.
1,34,2,S,S,P,P_S-S,Видеозапись с лекции  были содержательными для пропустивших занятия студентов.
2,34,2,S,P,S,S_S-P,Видеозапись с лекций была содержательной для пропустивших занятия студентов.
3,34,2,S,P,P,P_S-P,Видеозапись с лекций были содержательными для пропустивших занятия студентов.
4,34,2,P,S,S,S_P-S,Видеозаписи с лекции была содержательной для пропустивших занятия студентов.
5,34,2,P,S,P,P_P-S,Видеозаписи с лекции были содержательными для пропустивших занятия студентов.
6,34,2,P,P,S,S_P-P,Видеозаписи с лекций была содержательной для пропустивших занятия студентов.
7,34,2,P,P,P,P_P-P,Видеозаписи с лекций были содержательными для пропустивших занятия студентов.
8,34,2,S,S,S,S_S-S,Видеозапись с лекции  была содержательной для пропустивших занятия студентов.
1,35,2,S,P,S,S_S-P,Вывод из поражений был верным из-за тщательного анализа ситуации.
2,35,2,S,P,P,P_S-P,Вывод из поражений были верными из-за тщательного анализа ситуации.
3,35,2,P,S,S,S_P-S,Выводы из поражения был верным из-за тщательного анализа ситуации.
4,35,2,P,S,P,P_P-S,Выводы из поражения были верными из-за тщательного анализа ситуации.
5,35,2,P,P,S,S_P-P,Выводы из поражений был верным из-за тщательного анализа ситуации.
6,35,2,P,P,P,P_P-P,Выводы из поражений были верными из-за тщательного анализа ситуации.
7,35,2,S,S,S,S_S-S,Вывод из поражения  был верным из-за тщательного анализа ситуации.
8,35,2,S,S,P,P_S-S,Вывод из поражения  были верными из-за тщательного анализа ситуации.
1,36,2,S,P,P,P_S-P,Выдержка из книг были краткими для упрощения процесса запоминания.
2,36,2,P,S,S,S_P-S,Выдержки из книги была краткой для упрощения процесса запоминания.
3,36,2,P,S,P,P_P-S,Выдержки из книги были краткими для упрощения процесса запоминания.
4,36,2,P,P,S,S_P-P,Выдержки из книг была краткой для упрощения процесса запоминания.
5,36,2,P,P,P,P_P-P,Выдержки из книг были краткими для упрощения процесса запоминания.
6,36,2,S,S,S,S_S-S,Выдержка из книги была краткой для упрощения процесса запоминания.
7,36,2,S,S,P,P_S-S,Выдержка из книги были краткими для упрощения процесса запоминания.
8,36,2,S,P,S,S_S-P,Выдержка из книг была краткой для упрощения процесса запоминания.
1,37,2,P,S,S,S_P-S,Выписки из программы была сделана во время затянувшегося заседания.
2,37,2,P,S,P,P_P-S,Выписки из программы были сделаны во время затянувшегося заседания.
3,37,2,P,P,S,S_P-P,Выписки из программ была сделана во время затянувшегося заседания.
4,37,2,P,P,P,P_P-P,Выписки из программ были сделаны во время затянувшегося заседания.
5,37,2,S,S,S,S_S-S,Выписка из программы была сделана во время затянувшегося заседания.
6,37,2,S,S,P,P_S-S,Выписка из программы были сделаны во время затянувшегося заседания.
7,37,2,S,P,S,S_S-P,Выписка из программ была сделана во время затянувшегося заседания.
8,37,2,S,P,P,P_S-P,Выписка из программ были сделаны во время затянувшегося заседания.
1,38,2,P,S,P,P_P-S,Выходы из ситуации были очевидными для опытного школьного психолога.
2,38,2,P,P,S,S_P-P,Выходы из ситуаций был очевидным для опытного школьного психолога.
3,38,2,P,P,P,P_P-P,Выходы из ситуаций были очевидными для опытного школьного психолога.
4,38,2,S,S,S,S_S-S,Выход из ситуации  был очевидным для опытного школьного психолога.
5,38,2,S,S,P,P_S-S,Выход из ситуации  были очевидными для опытного школьного психолога.
6,38,2,S,P,S,S_S-P,Выход из ситуаций был очевидным для опытного школьного психолога.
7,38,2,S,P,P,P_S-P,Выход из ситуаций были очевидными для опытного школьного психолога.
8,38,2,P,S,S,S_P-S,Выходы из ситуации был очевидным для опытного школьного психолога.
1,39,2,P,P,S,S_P-P,Доски для афиш была прибита к ограде маленького театра.
2,39,2,P,P,P,P_P-P,Доски для афиш были прибиты к ограде маленького театра.
3,39,2,S,S,S,S_S-S,Доска для афиши была прибита к ограде маленького театра.
4,39,2,S,S,P,P_S-S,Доска для афиши были прибиты к ограде маленького театра.
5,39,2,S,P,S,S_S-P,Доска для афиш была прибита к ограде маленького театра.
6,39,2,S,P,P,P_S-P,Доска для афиш были прибиты к ограде маленького театра.
7,39,2,P,S,S,S_P-S,Доски для афиши была прибита к ограде маленького театра.
8,39,2,P,S,P,P_P-S,Доски для афиши были прибиты к ограде маленького театра.
1,40,2,P,P,P,P_P-P,Задержки из-за наводнений были пугающими из-за отсутствия достоверной информации.
2,40,2,S,S,S,S_S-S,Задержка из-за наводнения была пугающей из-за отсутствия достоверной информации.
3,40,2,S,S,P,P_S-S,Задержка из-за наводнения были пугающими из-за отсутствия достоверной информации.
4,40,2,S,P,S,S_S-P,Задержка из-за наводнений была пугающей из-за отсутствия достоверной информации.
5,40,2,S,P,P,P_S-P,Задержка из-за наводнений были пугающими из-за отсутствия достоверной информации.
6,40,2,P,S,S,S_P-S,Задержки из-за наводнения была пугающей из-за отсутствия достоверной информации.
7,40,2,P,S,P,P_P-S,Задержки из-за наводнения были пугающими из-за отсутствия достоверной информации.
8,40,2,P,P,S,S_P-P,Задержки из-за наводнений была пугающей из-за отсутствия достоверной информации.
1,41,2,S,S,S,S_S-S,Зал для заседания был громадным по масштабам небольшого городка.
2,41,2,S,S,P,P_S-S,Зал для заседания были громадными по масштабам небольшого городка.
3,41,2,S,P,S,S_S-P,Зал для заседаний был громадным по масштабам небольшого городка.
4,41,2,S,P,P,P_S-P,Зал для заседаний были громадными по масштабам небольшого городка.
5,41,2,P,S,S,S_P-S,Залы для заседания был громадным по масштабам небольшого городка.
6,41,2,P,S,P,P_P-S,Залы для заседания были громадными по масштабам небольшого городка.
7,41,2,P,P,S,S_P-P,Залы для заседаний был громадным по масштабам небольшого городка.
8,41,2,P,P,P,P_P-P,Залы для заседаний были громадными по масштабам небольшого городка.
1,42,2,S,S,P,P_S-S,Запчасть для иномарки были старыми по меркам современного автовладельца.
2,42,2,S,P,S,S_S-P,Запчасть для иномарок была старой по меркам современного автовладельца.
3,42,2,S,P,P,P_S-P,Запчасть для иномарок были старыми по меркам современного автовладельца.
4,42,2,P,S,S,S_P-S,Запчасти для иномарки была старой по меркам современного автовладельца.
5,42,2,P,S,P,P_P-S,Запчасти для иномарки были старыми по меркам современного автовладельца.
6,42,2,P,P,S,S_P-P,Запчасти для иномарок была старой по меркам современного автовладельца.
7,42,2,P,P,P,P_P-P,Запчасти для иномарок были старыми по меркам современного автовладельца.
8,42,2,S,S,S,S_S-S,Запчасть для иномарки была старой по меркам современного автовладельца.
1,43,2,S,P,S,S_S-P,Исключение из правил было выписано на аккуратно свернутую шпаргалку.
2,43,2,S,P,P,P_S-P,Исключение из правил были выписаны на аккуратно свернутую шпаргалку.
3,43,2,P,S,S,S_P-S,Исключения из правила было выписано на аккуратно свернутую шпаргалку.
4,43,2,P,S,P,P_P-S,Исключения из правила были выписаны на аккуратно свернутую шпаргалку.
5,43,2,P,P,S,S_P-P,Исключения из правил было выписано на аккуратно свернутую шпаргалку.
6,43,2,P,P,P,P_P-P,Исключения из правил были выписаны на аккуратно свернутую шпаргалку.
7,43,2,S,S,S,S_S-S,Исключение из правила было выписано на аккуратно свернутую шпаргалку.
8,43,2,S,S,P,P_S-S,Исключение из правила были выписаны на аккуратно свернутую шпаргалку.
1,44,2,S,P,P,P_S-P,Истерика из-за оценок были бурными по мнению родителей девочки.
2,44,2,P,S,S,S_P-S,Истерики из-за оценки была бурной по мнению родителей девочки.
3,44,2,P,S,P,P_P-S,Истерики из-за оценки были бурными по мнению родителей девочки.
4,44,2,P,P,S,S_P-P,Истерики из-за оценок была бурной по мнению родителей девочки.
5,44,2,P,P,P,P_P-P,Истерики из-за оценок были бурными по мнению родителей девочки.
6,44,2,S,S,S,S_S-S,Истерика из-за оценки была бурной по мнению родителей девочки.
7,44,2,S,S,P,P_S-S,Истерика из-за оценки были бурными по мнению родителей девочки.
8,44,2,S,P,S,S_S-P,Истерика из-за оценок была бурной по мнению родителей девочки.
1,45,2,P,S,S,S_P-S,Камни для ограды был завезен с лучшей итальянской каменоломни.
2,45,2,P,S,P,P_P-S,Камни для ограды были завезены с лучшей итальянской каменоломни.
3,45,2,P,P,S,S_P-P,Камни для оград был завезен с лучшей итальянской каменоломни.
4,45,2,P,P,P,P_P-P,Камни для оград были завезены с лучшей итальянской каменоломни.
5,45,2,S,S,S,S_S-S,Камень для ограды  был завезен с лучшей итальянской каменоломни.
6,45,2,S,S,P,P_S-S,Камень для ограды  были завезены с лучшей итальянской каменоломни.
7,45,2,S,P,S,S_S-P,Камень для оград был завезен с лучшей итальянской каменоломни.
8,45,2,S,P,P,P_S-P,Камень для оград были завезены с лучшей итальянской каменоломни.
1,46,2,P,S,P,P_P-S,Кирпичи для дачи были привезены со склада бракованной продукции.
2,46,2,P,P,S,S_P-P,Кирпичи для дач был привезен со склада бракованной продукции.
3,46,2,P,P,P,P_P-P,Кирпичи для дач были привезены со склада бракованной продукции.
4,46,2,S,S,S,S_S-S,Кирпич для дачи был привезен со склада бракованной продукции.
5,46,2,S,S,P,P_S-S,Кирпич для дачи были привезены со склада бракованной продукции.
6,46,2,S,P,S,S_S-P,Кирпич для дач был привезен со склада бракованной продукции.
7,46,2,S,P,P,P_S-P,Кирпич для дач были привезены со склада бракованной продукции.
8,46,2,P,S,S,S_P-S,Кирпичи для дачи был привезен со склада бракованной продукции.
1,47,2,P,P,S,S_P-P,Ключи от шкатулок был ржавым из-за высокой влажности воздуха.
2,47,2,P,P,P,P_P-P,Ключи от шкатулок были ржавыми из-за высокой влажности воздуха.
3,47,2,S,S,S,S_S-S,Ключ от шкатулки был ржавым из-за высокой влажности воздуха.
4,47,2,S,S,P,P_S-S,Ключ от шкатулки были ржавыми из-за высокой влажности воздуха.
5,47,2,S,P,S,S_S-P,Ключ от шкатулок был ржавым из-за высокой влажности воздуха.
6,47,2,S,P,P,P_S-P,Ключ от шкатулок были ржавыми из-за высокой влажности воздуха.
7,47,2,P,S,S,S_P-S,Ключи от шкатулки был ржавым из-за высокой влажности воздуха.
8,47,2,P,S,P,P_P-S,Ключи от шкатулки были ржавыми из-за высокой влажности воздуха.
1,48,2,P,P,P,P_P-P,Комнаты для вечеринок были просторными из-за малого количества мебели.
2,48,2,S,S,S,S_S-S,Комната для вечеринки была просторной из-за малого количества мебели.
3,48,2,S,S,P,P_S-S,Комната для вечеринки были просторными из-за малого количества мебели.
4,48,2,S,P,S,S_S-P,Комната для вечеринок была просторной из-за малого количества мебели.
5,48,2,S,P,P,P_S-P,Комната для вечеринок были просторными из-за малого количества мебели.
6,48,2,P,S,S,S_P-S,Комнаты для вечеринки была просторной из-за малого количества мебели.
7,48,2,P,S,P,P_P-S,Комнаты для вечеринки были просторными из-за малого количества мебели.
8,48,2,P,P,S,S_P-P,Комнаты для вечеринок была просторной из-за малого количества мебели.
1,49,2,S,S,S,S_S-S,Кондиционер для помещения был неисправен из-за ошибки заводских сборщиков.
2,49,2,S,S,P,P_S-S,Кондиционер для помещения были неисправны из-за ошибки заводских сборщиков.
3,49,2,S,P,S,S_S-P,Кондиционер для помещений был неисправен из-за ошибки заводских сборщиков.
4,49,2,S,P,P,P_S-P,Кондиционер для помещений были неисправны из-за ошибки заводских сборщиков.
5,49,2,P,S,S,S_P-S,Кондиционеры для помещения был неисправен из-за ошибки заводских сборщиков.
6,49,2,P,S,P,P_P-S,Кондиционеры для помещения были неисправны из-за ошибки заводских сборщиков.
7,49,2,P,P,S,S_P-P,Кондиционеры для помещений был неисправен из-за ошибки заводских сборщиков.
8,49,2,P,P,P,P_P-P,Кондиционеры для помещений были неисправны из-за ошибки заводских сборщиков.
1,50,2,S,S,P,P_S-S,Коробка для краски были картонными из-за экологических убеждений производителя.
2,50,2,S,P,S,S_S-P,Коробка для красок была картонной из-за экологических убеждений производителя.
3,50,2,S,P,P,P_S-P,Коробка для красок были картонными из-за экологических убеждений производителя.
4,50,2,P,S,S,S_P-S,Коробки для краски была картонной из-за экологических убеждений производителя.
5,50,2,P,S,P,P_P-S,Коробки для краски были картонными из-за экологических убеждений производителя.
6,50,2,P,P,S,S_P-P,Коробки для красок была картонной из-за экологических убеждений производителя.
7,50,2,P,P,P,P_P-P,Коробки для красок были картонными из-за экологических убеждений производителя.
8,50,2,S,S,S,S_S-S,Коробка для краски была картонной из-за экологических убеждений производителя.
1,51,2,S,P,S,S_S-P,Лекарство от болезней было доступным для отдельных категорий граждан.
2,51,2,S,P,P,P_S-P,Лекарство от болезней были доступными для отдельных категорий граждан.
3,51,2,P,S,S,S_P-S,Лекарства от болезни было доступным для отдельных категорий граждан.
4,51,2,P,S,P,P_P-S,Лекарства от болезни были доступными для отдельных категорий граждан.
5,51,2,P,P,S,S_P-P,Лекарства от болезней было доступным для отдельных категорий граждан.
6,51,2,P,P,P,P_P-P,Лекарства от болезней были доступными для отдельных категорий граждан.
7,51,2,S,S,S,S_S-S,Лекарство от болезни было доступным для отдельных категорий граждан.
8,51,2,S,S,P,P_S-S,Лекарство от болезни были доступными для отдельных категорий граждан.
1,52,2,S,P,P,P_S-P,Лимузин для свадеб были белыми с яркими розовыми бантами.
2,52,2,P,S,S,S_P-S,Лимузины для свадьбы был белым с яркими розовыми бантами.
3,52,2,P,S,P,P_P-S,Лимузины для свадьбы были белыми с яркими розовыми бантами.
4,52,2,P,P,S,S_P-P,Лимузины для свадеб был белым с яркими розовыми бантами.
5,52,2,P,P,P,P_P-P,Лимузины для свадеб были белыми с яркими розовыми бантами.
6,52,2,S,S,S,S_S-S,Лимузин для свадьбы был белым с яркими розовыми бантами.
7,52,2,S,S,P,P_S-S,Лимузин для свадьбы были белыми с яркими розовыми бантами.
8,52,2,S,P,S,S_S-P,Лимузин для свадеб был белым с яркими розовыми бантами.
1,53,2,P,S,S,S_P-S,Лозунги из листовки был придуман с целью привлечения внимания.
2,53,2,P,S,P,P_P-S,Лозунги из листовки были придуманы с целью привлечения внимания.
3,53,2,P,P,S,S_P-P,Лозунги из листовок был придуман с целью привлечения внимания.
4,53,2,P,P,P,P_P-P,Лозунги из листовок были придуманы с целью привлечения внимания.
5,53,2,S,S,S,S_S-S,Лозунг из листовки был придуман с целью привлечения внимания.
6,53,2,S,S,P,P_S-S,Лозунг из листовки были придуманы с целью привлечения внимания.
7,53,2,S,P,S,S_S-P,Лозунг из листовок был придуман с целью привлечения внимания.
8,53,2,S,P,P,P_S-P,Лозунг из листовок были придуманы с целью привлечения внимания.
1,54,2,P,S,P,P_P-S,Массовки для съемки были набраны из числа местных студентов.
2,54,2,P,P,S,S_P-P,Массовки для съемок была набрана из числа местных студентов.
3,54,2,P,P,P,P_P-P,Массовки для съемок были набраны из числа местных студентов.
4,54,2,S,S,S,S_S-S,Массовка для съемки была набрана из числа местных студентов.
5,54,2,S,S,P,P_S-S,Массовка для съемки были набраны из числа местных студентов.
6,54,2,S,P,S,S_S-P,Массовка для съемок была набрана из числа местных студентов.
7,54,2,S,P,P,P_S-P,Массовка для съемок были набраны из числа местных студентов.
8,54,2,P,S,S,S_P-S,Массовки для съемки была набрана из числа местных студентов.
1,55,2,P,P,S,S_P-P,Материалы для крыш был бракованным из-за нарушения режима хранения.
2,55,2,P,P,P,P_P-P,Материалы для крыш были бракованными из-за нарушения режима хранения.
3,55,2,S,S,S,S_S-S,Материал для крыши был бракованным из-за нарушения режима хранения.
4,55,2,S,S,P,P_S-S,Материал для крыши были бракованными из-за нарушения режима хранения.
5,55,2,S,P,S,S_S-P,Материал для крыш был бракованным из-за нарушения режима хранения.
6,55,2,S,P,P,P_S-P,Материал для крыш были бракованными из-за нарушения режима хранения.
7,55,2,P,S,S,S_P-S,Материалы для крыши был бракованным из-за нарушения режима хранения.
8,55,2,P,S,P,P_P-S,Материалы для крыши были бракованными из-за нарушения режима хранения.
1,56,2,P,P,P,P_P-P,Моторы для лодок были заказаны с учётом пожеланий рыбаков.
2,56,2,S,S,S,S_S-S,Мотор для лодки был заказан с учётом пожеланий рыбаков.
3,56,2,S,S,P,P_S-S,Мотор для лодки были заказаны с учётом пожеланий рыбаков.
4,56,2,S,P,S,S_S-P,Мотор для лодок был заказан с учётом пожеланий рыбаков.
5,56,2,S,P,P,P_S-P,Мотор для лодок были заказаны с учётом пожеланий рыбаков.
6,56,2,P,S,S,S_P-S,Моторы для лодки был заказан с учётом пожеланий рыбаков.
7,56,2,P,S,P,P_P-S,Моторы для лодки были заказаны с учётом пожеланий рыбаков.
8,56,2,P,P,S,S_P-P,Моторы для лодок был заказан с учётом пожеланий рыбаков.
1,57,2,S,S,S,S_S-S,Мяч для игры был разработан для детских дошкольных учреждений.
2,57,2,S,S,P,P_S-S,Мяч для игры были разработаны для детских дошкольных учреждений.
3,57,2,S,P,S,S_S-P,Мяч для игр был разработан для детских дошкольных учреждений.
4,57,2,S,P,P,P_S-P,Мяч для игр были разработаны для детских дошкольных учреждений.
5,57,2,P,S,S,S_P-S,Мячи для игры был разработан для детских дошкольных учреждений.
6,57,2,P,S,P,P_P-S,Мячи для игры были разработаны для детских дошкольных учреждений.
7,57,2,P,P,S,S_P-P,Мячи для игр был разработан для детских дошкольных учреждений.
8,57,2,P,P,P,P_P-P,Мячи для игр были разработаны для детских дошкольных учреждений.
1,58,2,S,S,P,P_S-S,Перелом из-за падения были тяжелыми из-за преклонного возраста альпиниста.
2,58,2,S,P,S,S_S-P,Перелом из-за падений был тяжелым из-за преклонного возраста альпиниста.
3,58,2,S,P,P,P_S-P,Перелом из-за падений были тяжелыми из-за преклонного возраста альпиниста.
4,58,2,P,S,S,S_P-S,Переломы из-за падения был тяжелым из-за преклонного возраста альпиниста.
5,58,2,P,S,P,P_P-S,Переломы из-за падения были тяжелыми из-за преклонного возраста альпиниста.
6,58,2,P,P,S,S_P-P,Переломы из-за падений был тяжелым из-за преклонного возраста альпиниста.
7,58,2,P,P,P,P_P-P,Переломы из-за падений были тяжелыми из-за преклонного возраста альпиниста.
8,58,2,S,S,S,S_S-S,Перелом из-за падения был тяжелым из-за преклонного возраста альпиниста.
1,59,2,S,P,S,S_S-P,Пристань для яхт была мокрой из-за высоких штормовых волн.
2,59,2,S,P,P,P_S-P,Пристань для яхт были мокрыми из-за высоких штормовых волн.
3,59,2,P,S,S,S_P-S,Пристани для яхты была мокрой из-за высоких штормовых волн.
4,59,2,P,S,P,P_P-S,Пристани для яхты были мокрыми из-за высоких штормовых волн.
5,59,2,P,P,S,S_P-P,Пристани для яхт была мокрой из-за высоких штормовых волн.
6,59,2,P,P,P,P_P-P,Пристани для яхт были мокрыми из-за высоких штормовых волн.
7,59,2,S,S,S,S_S-S,Пристань для яхты была мокрой из-за высоких штормовых волн.
8,59,2,S,S,P,P_S-S,Пристань для яхты были мокрыми из-за высоких штормовых волн.
1,60,2,S,P,P,P_S-P,Пропуск из-за травм были согласованы с главным врачом команды.
2,60,2,P,S,S,S_P-S,Пропуски из-за травмы был согласован с главным врачом команды.
3,60,2,P,S,P,P_P-S,Пропуски из-за травмы были согласованы с главным врачом команды.
4,60,2,P,P,S,S_P-P,Пропуски из-за травм был согласован с главным врачом команды.
5,60,2,P,P,P,P_P-P,Пропуски из-за травм были согласованы с главным врачом команды.
6,60,2,S,S,S,S_S-S,Пропуск из-за травмы был согласован с главным врачом команды.
7,60,2,S,S,P,P_S-S,Пропуск из-за травмы были согласованы с главным врачом команды.
8,60,2,S,P,S,S_S-P,Пропуск из-за травм был согласован с главным врачом команды.
1,61,2,P,S,S,S_P-S,Рассказы об аварии был приукрашен для усиления эмоционального напряжения.
2,61,2,P,S,P,P_P-S,Рассказы об аварии были приукрашены для усиления эмоционального напряжения.
3,61,2,P,P,S,S_P-P,Рассказы об авариях был приукрашен для усиления эмоционального напряжения.
4,61,2,P,P,P,P_P-P,Рассказы об авариях были приукрашены для усиления эмоционального напряжения.
5,61,2,S,S,S,S_S-S,Рассказ об аварии был приукрашен для усиления эмоционального напряжения.
6,61,2,S,S,P,P_S-S,Рассказ об аварии были приукрашены для усиления эмоционального напряжения.
7,61,2,S,P,S,S_S-P,Рассказ об авариях был приукрашен для усиления эмоционального напряжения.
8,61,2,S,P,P,P_S-P,Рассказ об авариях были приукрашены для усиления эмоционального напряжения.
1,62,2,P,S,P,P_P-S,Репортажи для газеты были написаны после разрешения публичной огласки.
2,62,2,P,P,S,S_P-P,Репортажи для газет был написан после разрешения публичной огласки.
3,62,2,P,P,P,P_P-P,Репортажи для газет были написаны после разрешения публичной огласки.
4,62,2,S,S,S,S_S-S,Репортаж для газеты был написан после разрешения публичной огласки.
5,62,2,S,S,P,P_S-S,Репортаж для газеты были написаны после разрешения публичной огласки.
6,62,2,S,P,S,S_S-P,Репортаж для газет был написан после разрешения публичной огласки.
7,62,2,S,P,P,P_S-P,Репортаж для газет были написаны после разрешения публичной огласки.
8,62,2,P,S,S,S_P-S,Репортажи для газеты был написан после разрешения публичной огласки.
1,63,2,P,P,S,S_P-P,Скандалы из-за статей был масштабным в глазах непосредственных участников.
2,63,2,P,P,P,P_P-P,Скандалы из-за статей были масштабными в глазах непосредственных участников.
3,63,2,S,S,S,S_S-S,Скандал из-за статьи был масштабным в глазах непосредственных участников.
4,63,2,S,S,P,P_S-S,Скандал из-за статьи были масштабными в глазах непосредственных участников.
5,63,2,S,P,S,S_S-P,Скандал из-за статей был масштабным в глазах непосредственных участников.
6,63,2,S,P,P,P_S-P,Скандал из-за статей были масштабными в глазах непосредственных участников.
7,63,2,P,S,S,S_P-S,Скандалы из-за статьи был масштабным в глазах непосредственных участников.
8,63,2,P,S,P,P_P-S,Скандалы из-за статьи были масштабными в глазах непосредственных участников.
1,64,2,P,P,P,P_P-P,Скидки от авиакомпаний были беспрецедентными из-за недавнего крушения самолёта.
2,64,2,S,S,S,S_S-S,Скидка от авиакомпании была беспрецедентной из-за недавнего крушения самолёта.
3,64,2,S,S,P,P_S-S,Скидка от авиакомпании были беспрецедентными из-за недавнего крушения самолёта.
4,64,2,S,P,S,S_S-P,Скидка от авиакомпаний была беспрецедентной из-за недавнего крушения самолёта.
5,64,2,S,P,P,P_S-P,Скидка от авиакомпаний были беспрецедентными из-за недавнего крушения самолёта.
6,64,2,P,S,S,S_P-S,Скидки от авиакомпании была беспрецедентной из-за недавнего крушения самолёта.
7,64,2,P,S,P,P_P-S,Скидки от авиакомпании были беспрецедентными из-за недавнего крушения самолёта.
8,64,2,P,P,S,S_P-P,Скидки от авиакомпаний была беспрецедентной из-за недавнего крушения самолёта.