...1,Prot,Sent,Group,N1,N2,Pred,Code,Sentence,left,right,left_gpt_is_singular_score,left_gpt_is_plural_score,verb_correct_delta,verb_correct_delta2
0,1,1,1,S,S,S,S_S-S,Абонемент на концерт был дорогим из-за участия популярных артистов.,Абонемент на концерт,был дорогим из-за участия популярных артистов.,0.55194646,-4.2109113,4.76285776,0.55194646
2,3,1,1,S,P,S,S_S-P,Абонемент на концерты был дорогим из-за участия популярных артистов.,Абонемент на концерты,был дорогим из-за участия популярных артистов.,-0.13932315,-4.0270977,3.8877745499999996,-0.13932315
4,5,1,1,P,S,S,S_P-S,Абонементы на концерт был дорогим из-за участия популярных артистов.,Абонементы на концерт,был дорогим из-за участия популярных артистов.,-2.0911565,-0.49715385,1.5940026499999997,-0.49715385
6,7,1,1,P,P,S,S_P-P,Абонементы на концерты был дорогим из-за участия популярных артистов.,Абонементы на концерты,был дорогим из-за участия популярных артистов.,-3.6801693,-1.2874177,2.3927516000000004,-1.2874177
9,2,2,1,S,P,S,S_S-P,Анекдот про экзамены был обидным для строгого пожилого учителя.,Анекдот про экзамены,был обидным для строгого пожилого учителя.,2.399509,-1.6324198,4.0319288,2.399509
11,4,2,1,P,S,S,S_P-S,Анекдоты про экзамен был обидным для строгого пожилого учителя.,Анекдоты про экзамен,был обидным для строгого пожилого учителя.,-1.8243661,-0.08895227,1.73541383,-0.08895227
13,6,2,1,P,P,S,S_P-P,Анекдоты про экзамены был обидным для строгого пожилого учителя.,Анекдоты про экзамены,был обидным для строгого пожилого учителя.,-2.879142,1.0489104,3.9280524,1.0489104
15,8,2,1,S,S,S,S_S-S,Анекдот про экзамен был обидным для строгого пожилого учителя.,Анекдот про экзамен,был обидным для строгого пожилого учителя.,1.7170734,-3.250152,4.9672254,1.7170734
16,1,3,1,S,P,S,S_S-P,Арка во дворы была проделана в несущей конструкции здания,Арка во дворы,была проделана в несущей конструкции здания,2.3656642,-2.628637,4.9943012,2.3656642
18,3,3,1,P,S,S,S_P-S,Арки во двор была проделана в несущей конструкции здания,Арки во двор,была проделана в несущей конструкции здания,-1.418283,1.2034116,2.6216945999999997,1.2034116
20,5,3,1,P,P,S,S_P-P,Арки во дворы была проделана в несущей конструкции здания,Арки во дворы,была проделана в несущей конструкции здания,-0.66128606,1.8706727,2.53195876,1.8706727
22,7,3,1,S,S,S,S_S-S,Арка во двор была проделана в несущей конструкции здания,Арка во двор,была проделана в несущей конструкции здания,2.3902254,-1.1971594,3.5873847999999997,2.3902254
25,2,4,1,P,S,S,S_P-S,Атаки на крепость была безуспешной из-за стратегической ошибки полководца.,Атаки на крепость,была безуспешной из-за стратегической ошибки полководца.,-2.064974,2.4663048,4.5312788,2.4663048
27,4,4,1,P,P,S,S_P-P,Атаки на крепости была безуспешной из-за стратегической ошибки полководца.,Атаки на крепости,была безуспешной из-за стратегической ошибки полководца.,-1.1436188,3.2942603,4.4378791,3.2942603
29,6,4,1,S,S,S,S_S-S,Атака на крепость была безуспешной из-за стратегической ошибки полководца.,Атака на крепость,была безуспешной из-за стратегической ошибки полководца.,2.9991748,-3.3322878,6.3314626,2.9991748
31,8,4,1,S,P,S,S_S-P,Атака на крепости была безуспешной из-за стратегической ошибки полководца.,Атака на крепости,была безуспешной из-за стратегической ошибки полководца.,3.0959496,-0.8149029,3.9108525,3.0959496
32,1,5,1,P,S,S,S_P-S,Билеты в музей был утерян во время уличной демонстрации.,Билеты в музей,был утерян во время уличной демонстрации.,-0.08545379,3.7253325,3.81078629,3.7253325
34,3,5,1,P,P,S,S_P-P,Билеты в музеи был утерян во время уличной демонстрации.,Билеты в музеи,был утерян во время уличной демонстрации.,-2.0973392,1.4785664,3.5759056,1.4785664
36,5,5,1,S,S,S,S_S-S,Билет в музей был утерян во время уличной демонстрации.,Билет в музей,был утерян во время уличной демонстрации.,2.3861353,-0.66552216,3.05165746,2.3861353
38,7,5,1,S,P,S,S_S-P,Билет в музеи был утерян во время уличной демонстрации.,Билет в музеи,был утерян во время уличной демонстрации.,2.3293672,-0.90310466,3.23247186,2.3293672
41,2,6,1,P,P,S,S_P-P,Взгляды на снимки был брошен из-под длинных опущенных ресниц.,Взгляды на снимки,был брошен из-под длинных опущенных ресниц.,-2.1810923,2.1367338,4.3178260999999996,2.1367338
43,4,6,1,S,S,S,S_S-S,Взгляд на снимок был брошен из-под длинных опущенных ресниц.,Взгляд на снимок,был брошен из-под длинных опущенных ресниц.,1.104814,-5.4636993,6.5685133,1.104814
45,6,6,1,S,P,S,S_S-P,Взгляд на снимки был брошен из-под длинных опущенных ресниц.,Взгляд на снимки,был брошен из-под длинных опущенных ресниц.,1.2857567,-4.3917704,5.677527100000001,1.2857567
47,8,6,1,P,S,S,S_P-S,Взгляды на снимок был брошен из-под длинных опущенных ресниц.,Взгляды на снимок,был брошен из-под длинных опущенных ресниц.,-1.2638556,2.8356228,4.0994784,2.8356228
48,1,7,1,P,P,S,S_P-P,Возражения на упреки было принято без излишне бурных эмоций.,Возражения на упреки,было принято без излишне бурных эмоций.,-1.6287661,1.7763638,3.4051299,1.7763638
50,3,7,1,S,S,S,S_S-S,Возражение на упрек было принято без излишне бурных эмоций.,Возражение на упрек,было принято без излишне бурных эмоций.,-0.2734156,-3.1124158,2.8390002,-0.2734156
52,5,7,1,S,P,S,S_S-P,Возражение на упреки было принято без излишне бурных эмоций.,Возражение на упреки,было принято без излишне бурных эмоций.,-0.6547783,-1.0941485,0.43937019999999993,-0.6547783
54,7,7,1,P,S,S,S_P-S,Возражения на упрек было принято без излишне бурных эмоций.,Возражения на упрек,было принято без излишне бурных эмоций.,-2.2592819,0.6388983,2.8981802,0.6388983
57,2,8,1,S,S,S,S_S-S,Выстрел в цель был неточным из-за сбитого прицела ружья.,Выстрел в цель,был неточным из-за сбитого прицела ружья.,0.81176007,-4.9054437,5.71720377,0.81176007
59,4,8,1,S,P,S,S_S-P,Выстрел в цели был неточным из-за сбитого прицела ружья.,Выстрел в цели,был неточным из-за сбитого прицела ружья.,0.5187955,-3.9271646,4.4459601,0.5187955
61,6,8,1,P,S,S,S_P-S,Выстрелы в цель был неточным из-за сбитого прицела ружья.,Выстрелы в цель,был неточным из-за сбитого прицела ружья.,-2.8866394,0.77392614,3.66056554,0.77392614
63,8,8,1,P,P,S,S_P-P,Выстрелы в цели был неточным из-за сбитого прицела ружья.,Выстрелы в цели,был неточным из-за сбитого прицела ружья.,-2.5334544,-0.106060326,2.427394074,-0.106060326
64,1,9,1,S,S,S,S_S-S,Дорога через лес была проложена для снабжения людей провизией.,Дорога через лес,была проложена для снабжения людей провизией.,3.4655337,-2.845418,6.3109517,3.4655337
66,3,9,1,S,P,S,S_S-P,Дорога через леса была проложена для снабжения людей провизией.,Дорога через леса,была проложена для снабжения людей провизией.,1.8302642,-3.4602675,5.2905317,1.8302642
68,5,9,1,P,S,S,S_P-S,Дороги через лес была проложена для снабжения людей провизией.,Дороги через лес,была проложена для снабжения людей провизией.,0.50857663,3.839278,3.3307013700000003,3.839278
70,7,9,1,P,P,S,S_P-P,Дороги через леса была проложена для снабжения людей провизией.,Дороги через леса,была проложена для снабжения людей провизией.,-0.5370524,3.4528086,3.989861,3.4528086
73,2,10,1,S,P,S,S_S-P,Жалоба на боли была тихой из-за нарушения дыхания пациента.,Жалоба на боли,была тихой из-за нарушения дыхания пациента.,3.3116937,-1.2911174,4.6028111,3.3116937
75,4,10,1,P,S,S,S_P-S,Жалобы на боль была тихой из-за нарушения дыхания пациента.,Жалобы на боль,была тихой из-за нарушения дыхания пациента.,-1.3207029,2.463767,3.7844698999999995,2.463767
77,6,10,1,P,P,S,S_P-P,Жалобы на боли была тихой из-за нарушения дыхания пациента.,Жалобы на боли,была тихой из-за нарушения дыхания пациента.,-0.9348711,2.5681365,3.5030076,2.5681365
79,8,10,1,S,S,S,S_S-S,Жалоба на боль была тихой из-за нарушения дыхания пациента.,Жалоба на боль,была тихой из-за нарушения дыхания пациента.,2.0552092,-3.8003206,5.8555298,2.0552092
80,1,11,1,S,P,S,S_S-P,История про убийства была рассказана в присутствии маленьких детей.,История про убийства,была рассказана в присутствии маленьких детей.,2.3520188,-2.5374765,4.8894953,2.3520188
82,3,11,1,P,S,S,S_P-S,Истории про убийство была рассказана в присутствии маленьких детей.,Истории про убийство,была рассказана в присутствии маленьких детей.,-1.4361546,-1.6530685,-0.2169139,-1.6530685
84,5,11,1,P,P,S,S_P-P,Истории про убийства была рассказана в присутствии маленьких детей.,Истории про убийства,была рассказана в присутствии маленьких детей.,-1.0799972,1.6976204,2.7776176,1.6976204
86,7,11,1,S,S,S,S_S-S,История про убийство была рассказана в присутствии маленьких детей.,История про убийство,была рассказана в присутствии маленьких детей.,1.4365001,-3.2305264,4.6670265,1.4365001
89,2,12,1,P,S,S,S_P-S,Тропинки через луг была протоптана во время деревенской ярмарки.,Тропинки через луг,была протоптана во время деревенской ярмарки.,-0.6208007,1.6179485,2.2387492,1.6179485
91,4,12,1,P,P,S,S_P-P,Тропинки через луга была протоптана во время деревенской ярмарки.,Тропинки через луга,была протоптана во время деревенской ярмарки.,-0.8117727,3.004236,3.8160087000000003,3.004236
93,6,12,1,S,S,S,S_S-S,Тропинка через луг была протоптана во время деревенской ярмарки.,Тропинка через луг,была протоптана во время деревенской ярмарки.,3.6105225,-5.4724693,9.0829918,3.6105225
95,8,12,1,S,P,S,S_S-P,Тропинка через луга была протоптана во время деревенской ярмарки.,Тропинка через луга,была протоптана во время деревенской ярмарки.,4.646114,-3.3516903,7.9978043,4.646114
96,1,13,1,P,S,S,S_P-S,Кружева на наряд было упаковано в вышитый шёлковый мешочек.,Кружева на наряд,было упаковано в вышитый шёлковый мешочек.,-1.5102551,-0.031127512,1.4791275879999999,-0.031127512
98,3,13,1,P,P,S,S_P-P,Кружева на наряды было упаковано в вышитый шёлковый мешочек.,Кружева на наряды,было упаковано в вышитый шёлковый мешочек.,-1.5300871,2.401144,3.9312310999999998,2.401144
100,5,13,1,S,S,S,S_S-S,Кружево на наряд было упаковано в вышитый шёлковый мешочек.,Кружево на наряд,было упаковано в вышитый шёлковый мешочек.,0.38980195,-2.1969543,2.5867562499999996,0.38980195
102,7,13,1,S,P,S,S_S-P,Кружево на наряды было упаковано в вышитый шёлковый мешочек.,Кружево на наряды,было упаковано в вышитый шёлковый мешочек.,0.6716155,0.11280677,0.55880873,0.6716155
105,2,14,1,P,P,S,S_P-P,Легенды про замки была записана в старинной летописи графства.,Легенды про замки,была записана в старинной летописи графства.,-1.6952779,0.953717,2.6489949,0.953717
107,4,14,1,S,S,S,S_S-S,Легенда про замок была записана в старинной летописи графства.,Легенда про замок,была записана в старинной летописи графства.,0.19500789,-4.821574,5.01658189,0.19500789
109,6,14,1,S,P,S,S_S-P,Легенда про замки была записана в старинной летописи графства.,Легенда про замки,была записана в старинной летописи графства.,1.2552571,-2.4563398,3.7115969,1.2552571
111,8,14,1,P,S,S,S_P-S,Легенды про замок была записана в старинной летописи графства.,Легенды про замок,была записана в старинной летописи графства.,-2.0481231,-0.09343815,1.9546849500000003,-0.09343815
112,1,15,1,P,P,S,S_P-P,Лестницы в подвалы была крутой из-за отсутствия свободного места.,Лестницы в подвалы,была крутой из-за отсутствия свободного места.,-2.5522,1.2536246,3.8058246000000002,1.2536246
114,3,15,1,S,S,S,S_S-S,Лестница в подвал была крутой из-за отсутствия свободного места.,Лестница в подвал,была крутой из-за отсутствия свободного места.,2.388242,-4.406683,6.794925,2.388242
116,5,15,1,S,P,S,S_S-P,Лестница в подвалы была крутой из-за отсутствия свободного места.,Лестница в подвалы,была крутой из-за отсутствия свободного места.,1.7234957,-2.8078752,4.5313709,1.7234957
118,7,15,1,P,S,S,S_P-S,Лестницы в подвал была крутой из-за отсутствия свободного места.,Лестницы в подвал,была крутой из-за отсутствия свободного места.,-1.3715318,0.88497025,2.25650205,0.88497025
121,2,16,1,S,S,S,S_S-S,Мост через овраг был возведён после окончания военных действий.,Мост через овраг,был возведён после окончания военных действий.,2.526889,-1.511272,4.0381610000000006,2.526889
123,4,16,1,S,P,S,S_S-P,Мост через овраги был возведён после окончания военных действий.,Мост через овраги,был возведён после окончания военных действий.,3.0751982,0.0856691,2.9895291,3.0751982
125,6,16,1,P,S,S,S_P-S,Мосты через овраг был возведён после окончания военных действий.,Мосты через овраг,был возведён после окончания военных действий.,-0.5770743,4.005789,4.5828633,4.005789
127,8,16,1,P,P,S,S_P-P,Мосты через овраги был возведён после окончания военных действий.,Мосты через овраги,был возведён после окончания военных действий.,-0.3108077,3.0684419,3.3792495999999996,3.0684419
128,1,17,1,S,S,S,S_S-S,Налог на доход был повышен из-за смены политического курса.,Налог на доход,был повышен из-за смены политического курса.,0.8444586,-3.6880023,4.5324609,0.8444586
130,3,17,1,S,P,S,S_S-P,Налог на доходы был повышен из-за смены политического курса.,Налог на доходы,был повышен из-за смены политического курса.,1.9219232,-2.7148328,4.636756,1.9219232
132,5,17,1,P,S,S,S_P-S,Налоги на доход был повышен из-за смены политического курса.,Налоги на доход,был повышен из-за смены политического курса.,-1.9711641,-1.0362858,0.9348783,-1.0362858
134,7,17,1,P,P,S,S_P-P,Налоги на доходы был повышен из-за смены политического курса.,Налоги на доходы,был повышен из-за смены политического курса.,-2.3816323,-0.7768019,1.6048304,-0.7768019
137,2,18,1,S,P,S,S_S-P,Нападение на банки было совершено с применением холодного оружия.,Нападение на банки,было совершено с применением холодного оружия.,2.2046914,-2.223175,4.4278664,2.2046914
139,4,18,1,P,S,S,S_P-S,Нападения на банк было совершено с применением холодного оружия.,Нападения на банк,было совершено с применением холодного оружия.,1.5315878,1.2813916,-0.2501962,1.2813916
141,6,18,1,P,P,S,S_P-P,Нападения на банки было совершено с применением холодного оружия.,Нападения на банки,было совершено с применением холодного оружия.,-0.83763117,1.6443874,2.48201857,1.6443874
143,8,18,1,S,S,S,S_S-S,Нападение на банк было совершено с применением холодного оружия.,Нападение на банк,было совершено с применением холодного оружия.,3.360503,-3.947284,7.307786999999999,3.360503
144,1,19,1,S,P,S,S_S-P,Окно в сады было закрыто из-за сильного холодного ветра.,Окно в сады,было закрыто из-за сильного холодного ветра.,1.373351,-1.73002,3.103371,1.373351
146,3,19,1,P,S,S,S_P-S,Окна в сад было закрыто из-за сильного холодного ветра.,Окна в сад,было закрыто из-за сильного холодного ветра.,-0.27164543,3.3173416,3.5889870299999997,3.3173416
148,5,19,1,P,P,S,S_P-P,Окна в сады было закрыто из-за сильного холодного ветра.,Окна в сады,было закрыто из-за сильного холодного ветра.,-1.1984255,1.9037008,3.1021263,1.9037008
150,7,19,1,S,S,S,S_S-S,Окно в сад было закрыто из-за сильного холодного ветра.,Окно в сад,было закрыто из-за сильного холодного ветра.,3.6974244,-3.1106348,6.808059200000001,3.6974244
153,2,20,1,P,S,S,S_P-S,Ответы на вопрос был неверным из-за недостаточного знания материала.,Ответы на вопрос,был неверным из-за недостаточного знания материала.,-1.7021163,-0.4209761,1.2811401999999998,-0.4209761
155,4,20,1,P,P,S,S_P-P,Ответы на вопросы был неверным из-за недостаточного знания материала.,Ответы на вопросы,был неверным из-за недостаточного знания материала.,-0.7054851,-0.15641667,0.5490684299999999,-0.15641667
157,6,20,1,S,S,S,S_S-S,Ответ на вопрос был неверным из-за недостаточного знания материала.,Ответ на вопрос,был неверным из-за недостаточного знания материала.,1.0993669,-5.448855,6.5482219,1.0993669
159,8,20,1,S,P,S,S_S-P,Ответ на вопросы был неверным из-за недостаточного знания материала.,Ответ на вопросы,был неверным из-за недостаточного знания материала.,1.6888344,-3.487766,5.1766004,1.6888344
160,1,21,1,P,S,S,S_P-S,Очереди в театр была бесконечной из-за большого наплыва туристов.,Очереди в театр,была бесконечной из-за большого наплыва туристов.,-0.04778145,2.2436588,2.29144025,2.2436588
162,3,21,1,P,P,S,S_P-P,Очереди в театры была бесконечной из-за большого наплыва туристов.,Очереди в театры,была бесконечной из-за большого наплыва туристов.,-0.26766098,3.3900537,3.65771468,3.3900537
164,5,21,1,S,S,S,S_S-S,Очередь в театр была бесконечной из-за большого наплыва туристов.,Очередь в театр,была бесконечной из-за большого наплыва туристов.,2.5472252,-3.0759678,5.6231930000000006,2.5472252
166,7,21,1,S,P,S,S_S-P,Очередь в театры была бесконечной из-за большого наплыва туристов.,Очередь в театры,была бесконечной из-за большого наплыва туристов.,3.657292,-1.0375133,4.6948053000000005,3.657292
169,2,22,1,P,P,S,S_P-P,Переправы через ручьи была опасной из-за тяжёлых погодных условий.,Переправы через ручьи,была опасной из-за тяжёлых погодных условий.,-0.56895804,3.2069082,3.77586624,3.2069082
171,4,22,1,S,S,S,S_S-S,Переправа через ручей была опасной из-за тяжёлых погодных условий.,Переправа через ручей,была опасной из-за тяжёлых погодных условий.,3.0878372,-1.9455932,5.0334304,3.0878372
173,6,22,1,S,P,S,S_S-P,Переправа через ручьи была опасной из-за тяжёлых погодных условий.,Переправа через ручьи,была опасной из-за тяжёлых погодных условий.,3.0604978,-1.6261305,4.6866283,3.0604978
175,8,22,1,P,S,S,S_P-S,Переправы через ручей была опасной из-за тяжёлых погодных условий.,Переправы через ручей,была опасной из-за тяжёлых погодных условий.,2.0463557,3.1655831,1.1192274000000002,3.1655831
176,1,23,1,P,P,S,S_P-P,Песни про поезда была грустной для большинства отставных машинистов.,Песни про поезда,была грустной для большинства отставных машинистов.,-0.4348666,1.7001212,2.1349878,1.7001212
178,3,23,1,S,S,S,S_S-S,Песня про поезд была грустной для большинства отставных машинистов.,Песня про поезд,была грустной для большинства отставных машинистов.,0.32725143,-4.241166,4.56841743,0.32725143
180,5,23,1,S,P,S,S_S-P,Песня про поезда была грустной для большинства отставных машинистов.,Песня про поезда,была грустной для большинства отставных машинистов.,2.1160567,-2.2180648,4.3341215,2.1160567
182,7,23,1,P,S,S,S_P-S,Песни про поезд была грустной для большинства отставных машинистов.,Песни про поезд,была грустной для большинства отставных машинистов.,-0.8541035,0.627687,1.4817905,0.627687
185,2,24,1,S,S,S,S_S-S,Письмо про поход было отправлено из маленького сибирского посёлка.,Письмо про поход,было отправлено из маленького сибирского посёлка.,1.8969549,-2.166783,4.0637379000000005,1.8969549
187,4,24,1,S,P,S,S_S-P,Письмо про походы было отправлено из маленького сибирского посёлка.,Письмо про походы,было отправлено из маленького сибирского посёлка.,1.5898154,-0.5715727,2.1613881,1.5898154
189,6,24,1,P,S,S,S_P-S,Письма про поход было отправлено из маленького сибирского посёлка.,Письма про поход,было отправлено из маленького сибирского посёлка.,-0.5965576,1.3843117,1.9808693000000002,1.3843117
191,8,24,1,P,P,S,S_P-P,Письма про походы было отправлено из маленького сибирского посёлка.,Письма про походы,было отправлено из маленького сибирского посёлка.,-1.3704007,1.5144979,2.8848986,1.5144979
192,1,25,1,S,S,S,S_S-S,План на выходной был разрушен из-за визита назойливых родственников.,План на выходной,был разрушен из-за визита назойливых родственников.,2.4165015,-1.7628789,4.179380399999999,2.4165015
194,3,25,1,S,P,S,S_S-P,План на выходные был разрушен из-за визита назойливых родственников.,План на выходные,был разрушен из-за визита назойливых родственников.,3.026158,-2.1125839,5.1387419,3.026158
196,5,25,1,P,S,S,S_P-S,Планы на выходной был разрушен из-за визита назойливых родственников.,Планы на выходной,был разрушен из-за визита назойливых родственников.,-0.794387,2.986117,3.780504,2.986117
198,7,25,1,P,P,S,S_P-P,Планы на выходные был разрушен из-за визита назойливых родственников.,Планы на выходные,был разрушен из-за визита назойливых родственников.,-1.7053692,2.4037542,4.1091234,2.4037542
201,2,26,1,S,P,S,S_S-P,Поездка на острова была незабываемой для молодых влюблённых студентов.,Поездка на острова,была незабываемой для молодых влюблённых студентов.,0.77798676,-6.0293202,6.80730696,0.77798676
203,4,26,1,P,S,S,S_P-S,Поездки на остров была незабываемой для молодых влюблённых студентов.,Поездки на остров,была незабываемой для молодых влюблённых студентов.,-2.432278,-1.0762674,1.3560106,-1.0762674
205,6,26,1,P,P,S,S_P-P,Поездки на острова была незабываемой для молодых влюблённых студентов.,Поездки на острова,была незабываемой для молодых влюблённых студентов.,-1.4626364,1.231015,2.6936514000000003,1.231015
207,8,26,1,S,S,S,S_S-S,Поездка на остров была незабываемой для молодых влюблённых студентов.,Поездка на остров,была незабываемой для молодых влюблённых студентов.,0.16522223,-6.355075,6.520297230000001,0.16522223
208,1,27,1,S,P,S,S_S-P,Полет через проливы был запрещён из-за усилившегося северного ветра.,Полет через проливы,был запрещён из-за усилившегося северного ветра.,1.8338835,-1.9382464,3.7721299,1.8338835
210,3,27,1,P,S,S,S_P-S,Полеты через пролив был запрещён из-за усилившегося северного ветра.,Полеты через пролив,был запрещён из-за усилившегося северного ветра.,-2.6659954,1.9320996,4.598095,1.9320996
212,5,27,1,P,P,S,S_P-P,Полеты через проливы был запрещён из-за усилившегося северного ветра.,Полеты через проливы,был запрещён из-за усилившегося северного ветра.,-1.93218,2.743235,4.675415,2.743235
214,7,27,1,S,S,S,S_S-S,Полет через пролив был запрещён из-за усилившегося северного ветра.,Полет через пролив,был запрещён из-за усилившегося северного ветра.,0.5456621,-2.4334335,2.9790956,0.5456621
217,2,28,1,P,S,S,S_P-S,Прогулки через парк была приятной для ценителей ландшафтного дизайна.,Прогулки через парк,была приятной для ценителей ландшафтного дизайна.,-1.2914716,1.0384482,2.3299198,1.0384482
219,4,28,1,P,P,S,S_P-P,Прогулки через парки была приятной для ценителей ландшафтного дизайна.,Прогулки через парки,была приятной для ценителей ландшафтного дизайна.,-2.047659,1.0342877,3.0819466999999996,1.0342877
221,6,28,1,S,S,S,S_S-S,Прогулка через парк была приятной для ценителей ландшафтного дизайна.,Прогулка через парк,была приятной для ценителей ландшафтного дизайна.,1.7759751,-4.5547895,6.3307646,1.7759751
223,8,28,1,S,P,S,S_S-P,Прогулка через парки была приятной для ценителей ландшафтного дизайна.,Прогулка через парки,была приятной для ценителей ландшафтного дизайна.,0.92776525,-3.4423454000000002,4.37011065,0.92776525
224,1,29,1,P,S,S,S_P-S,Прыжки через костер был рискованным для обладателей коротких ног.,Прыжки через костер,был рискованным для обладателей коротких ног.,0.3320347,3.5498939,3.2178592,3.5498939
226,3,29,1,P,P,S,S_P-P,Прыжки через костры был рискованным для обладателей коротких ног.,Прыжки через костры,был рискованным для обладателей коротких ног.,0.915243,4.115401,3.200158,4.115401
228,5,29,1,S,S,S,S_S-S,Прыжок через костер был рискованным для обладателей коротких ног.,Прыжок через костер,был рискованным для обладателей коротких ног.,2.3045175,-1.1546221,3.4591396000000003,2.3045175
230,7,29,1,S,P,S,S_S-P,Прыжок через костры был рискованным для обладателей коротких ног.,Прыжок через костры,был рискованным для обладателей коротких ног.,2.8815699,-0.8085543,3.6901242,2.8815699
233,2,30,1,P,P,S,S_P-P,Путешествия на курорты было приятным для членов большой семьи.,Путешествия на курорты,было приятным для членов большой семьи.,-3.12992,-0.82394725,2.3059727499999996,-0.82394725
235,4,30,1,S,S,S,S_S-S,Путешествие на курорт было приятным для членов большой семьи.,Путешествие на курорт,было приятным для членов большой семьи.,1.5816183,-6.538467,8.1200853,1.5816183
237,6,30,1,S,P,S,S_S-P,Путешествие на курорты было приятным для членов большой семьи.,Путешествие на курорты,было приятным для членов большой семьи.,-0.58998966,-4.5528564,3.9628667399999995,-0.58998966
239,8,30,1,P,S,S,S_P-S,Путешествия на курорт было приятным для членов большой семьи.,Путешествия на курорт,было приятным для членов большой семьи.,-1.5056361,-0.5672551,0.938381,-0.5672551
240,1,31,1,P,P,S,S_P-P,Рецепты на порошки был мятым из-за частого предъявления аптекарям.,Рецепты на порошки,был мятым из-за частого предъявления аптекарям.,-2.8785667,-0.25985017,2.61871653,-0.25985017
242,3,31,1,S,S,S,S_S-S,Рецепт на порошок был мятым из-за частого предъявления аптекарям.,Рецепт на порошок,был мятым из-за частого предъявления аптекарям.,0.54144984,-4.409629,4.95107884,0.54144984
244,5,31,1,S,P,S,S_S-P,Рецепт на порошки был мятым из-за частого предъявления аптекарям.,Рецепт на порошки,был мятым из-за частого предъявления аптекарям.,1.5411453,-2.259266,3.8004113000000004,1.5411453
246,7,31,1,P,S,S,S_P-S,Рецепты на порошок был мятым из-за частого предъявления аптекарям.,Рецепты на порошок,был мятым из-за частого предъявления аптекарям.,-2.463522,-1.5405841,0.9229379000000002,-1.5405841
249,2,32,1,S,S,S,S_S-S,Ссылка на сайт была дана в списке источников статьи.,Ссылка на сайт,была дана в списке источников статьи.,-2.2353246,-8.407963,6.1726384,-2.2353246
251,4,32,1,S,P,S,S_S-P,Ссылка на сайты была дана в списке источников статьи.,Ссылка на сайты,была дана в списке источников статьи.,-3.03458,-5.8103004,2.7757204,-3.03458
253,6,32,1,P,S,S,S_P-S,Ссылки на сайт была дана в списке источников статьи.,Ссылки на сайт,была дана в списке источников статьи.,-5.223523,-1.2969329,3.9265901000000003,-1.2969329
255,8,32,1,P,P,S,S_P-P,Ссылки на сайты была дана в списке источников статьи.,Ссылки на сайты,была дана в списке источников статьи.,-6.074935,-2.0535097,4.0214253,-2.0535097
256,1,33,2,S,S,S,S_S-S,Аргумент против обвинения был сокрушительным для адвоката пострадавшей стороны.,Аргумент против обвинения,был сокрушительным для адвоката пострадавшей стороны.,0.96097684,-2.6910326,3.6520094400000005,0.96097684
258,3,33,2,S,P,S,S_S-P,Аргумент против обвинений был сокрушительным для адвоката пострадавшей стороны.,Аргумент против обвинений,был сокрушительным для адвоката пострадавшей стороны.,1.7259862,-2.7314794,4.4574656,1.7259862
260,5,33,2,P,S,S,S_P-S,Аргументы против обвинения был сокрушительным для адвоката пострадавшей стороны.,Аргументы против обвинения,был сокрушительным для адвоката пострадавшей стороны.,-2.9325814,0.6269231,3.5595045,0.6269231
262,7,33,2,P,P,S,S_P-P,Аргументы против обвинений был сокрушительным для адвоката пострадавшей стороны.,Аргументы против обвинений,был сокрушительным для адвоката пострадавшей стороны.,-2.1522841,0.9503778,3.1026619,0.9503778
265,2,34,2,S,P,S,S_S-P,Видеозапись с лекций была содержательной для пропустивших занятия студентов.,Видеозапись с лекций,была содержательной для пропустивших занятия студентов.,0.8813576,-3.3274019,4.2087595,0.8813576
267,4,34,2,P,S,S,S_P-S,Видеозаписи с лекции была содержательной для пропустивших занятия студентов.,Видеозаписи с лекции,была содержательной для пропустивших занятия студентов.,-1.6873282,1.3820345,3.0693627,1.3820345
269,6,34,2,P,P,S,S_P-P,Видеозаписи с лекций была содержательной для пропустивших занятия студентов.,Видеозаписи с лекций,была содержательной для пропустивших занятия студентов.,-2.9845264,0.083238125,3.067764525,0.083238125
271,8,34,2,S,S,S,S_S-S,Видеозапись с лекции  была содержательной для пропустивших занятия студентов.,Видеозапись с лекции,была содержательной для пропустивших занятия студентов.,1.3309522,-3.7721026,5.103054800000001,1.3309522
272,1,35,2,S,P,S,S_S-P,Вывод из поражений был верным из-за тщательного анализа ситуации.,Вывод из поражений,был верным из-за тщательного анализа ситуации.,3.1370463,-1.9706762,5.1077225,3.1370463
274,3,35,2,P,S,S,S_P-S,Выводы из поражения был верным из-за тщательного анализа ситуации.,Выводы из поражения,был верным из-за тщательного анализа ситуации.,-1.995775,1.9609658,3.9567408000000004,1.9609658
276,5,35,2,P,P,S,S_P-P,Выводы из поражений был верным из-за тщательного анализа ситуации.,Выводы из поражений,был верным из-за тщательного анализа ситуации.,-2.848131,1.0186857,3.8668167,1.0186857
278,7,35,2,S,S,S,S_S-S,Вывод из поражения  был верным из-за тщательного анализа ситуации.,Вывод из поражения,был верным из-за тщательного анализа ситуации.,3.2179654,-1.976186,5.1941514,3.2179654
281,2,36,2,P,S,S,S_P-S,Выдержки из книги была краткой для упрощения процесса запоминания.,Выдержки из книги,была краткой для упрощения процесса запоминания.,-1.4001085,1.1309564,2.5310649,1.1309564
283,4,36,2,P,P,S,S_P-P,Выдержки из книг была краткой для упрощения процесса запоминания.,Выдержки из книг,была краткой для упрощения процесса запоминания.,-2.610712,0.05588594,2.66659794,0.05588594
285,6,36,2,S,S,S,S_S-S,Выдержка из книги была краткой для упрощения процесса запоминания.,Выдержка из книги,была краткой для упрощения процесса запоминания.,-0.46533585,-3.2351336,2.7697977500000004,-0.46533585
287,8,36,2,S,P,S,S_S-P,Выдержка из книг была краткой для упрощения процесса запоминания.,Выдержка из книг,была краткой для упрощения процесса запоминания.,0.1931344,-3.227169,3.4203034,0.1931344
288,1,37,2,P,S,S,S_P-S,Выписки из программы была сделана во время затянувшегося заседания.,Выписки из программы,была сделана во время затянувшегося заседания.,-1.754438,-0.4310284,1.3234096,-0.4310284
290,3,37,2,P,P,S,S_P-P,Выписки из программ была сделана во время затянувшегося заседания.,Выписки из программ,была сделана во время затянувшегося заседания.,-2.97091,-0.9681119,2.0027980999999997,-0.9681119
292,5,37,2,S,S,S,S_S-S,Выписка из программы была сделана во время затянувшегося заседания.,Выписка из программы,была сделана во время затянувшегося заседания.,0.28857806,-4.630472,4.91905006,0.28857806
294,7,37,2,S,P,S,S_S-P,Выписка из программ была сделана во время затянувшегося заседания.,Выписка из программ,была сделана во время затянувшегося заседания.,0.62876165,-3.1666944,3.79545605,0.62876165
297,2,38,2,P,P,S,S_P-P,Выходы из ситуаций был очевидным для опытного школьного психолога.,Выходы из ситуаций,был очевидным для опытного школьного психолога.,-3.1094673,-0.18217269,2.92729461,-0.18217269
299,4,38,2,S,S,S,S_S-S,Выход из ситуации  был очевидным для опытного школьного психолога.,Выход из ситуации,был очевидным для опытного школьного психолога.,2.3593035,-3.1149464,5.4742499,2.3593035
301,6,38,2,S,P,S,S_S-P,Выход из ситуаций был очевидным для опытного школьного психолога.,Выход из ситуаций,был очевидным для опытного школьного психолога.,0.386348,-4.2131953,4.5995433,0.386348
303,8,38,2,P,S,S,S_P-S,Выходы из ситуации был очевидным для опытного школьного психолога.,Выходы из ситуации,был очевидным для опытного школьного психолога.,-1.8575058,1.986484,3.8439898,1.986484
304,1,39,2,P,P,S,S_P-P,Доски для афиш была прибита к ограде маленького театра.,Доски для афиш,была прибита к ограде маленького театра.,-0.65322375,3.674454,4.327677749999999,3.674454
306,3,39,2,S,S,S,S_S-S,Доска для афиши была прибита к ограде маленького театра.,Доска для афиши,была прибита к ограде маленького театра.,2.6157894,-2.9687493,5.5845386999999995,2.6157894
308,5,39,2,S,P,S,S_S-P,Доска для афиш была прибита к ограде маленького театра.,Доска для афиш,была прибита к ограде маленького театра.,1.4042964,-3.846413,5.2507094,1.4042964
310,7,39,2,P,S,S,S_P-S,Доски для афиши была прибита к ограде маленького театра.,Доски для афиши,была прибита к ограде маленького театра.,0.23260531,3.980367,3.7477616900000004,3.980367
313,2,40,2,S,S,S,S_S-S,Задержка из-за наводнения была пугающей из-за отсутствия достоверной информации.,Задержка из-за наводнения,была пугающей из-за отсутствия достоверной информации.,4.194088,-0.6730548,4.8671428,4.194088
315,4,40,2,S,P,S,S_S-P,Задержка из-за наводнений была пугающей из-за отсутствия достоверной информации.,Задержка из-за наводнений,была пугающей из-за отсутствия достоверной информации.,3.9093184,-0.14151002,4.05082842,3.9093184
317,6,40,2,P,S,S,S_P-S,Задержки из-за наводнения была пугающей из-за отсутствия достоверной информации.,Задержки из-за наводнения,была пугающей из-за отсутствия достоверной информации.,-0.33091527,3.2936625,3.62457777,3.2936625
319,8,40,2,P,P,S,S_P-P,Задержки из-за наводнений была пугающей из-за отсутствия достоверной информации.,Задержки из-за наводнений,была пугающей из-за отсутствия достоверной информации.,-0.40482777,3.7808564,4.18568417,3.7808564
320,1,41,2,S,S,S,S_S-S,Зал для заседания был громадным по масштабам небольшого городка.,Зал для заседания,был громадным по масштабам небольшого городка.,2.4306188,-3.5214355,5.9520543,2.4306188
322,3,41,2,S,P,S,S_S-P,Зал для заседаний был громадным по масштабам небольшого городка.,Зал для заседаний,был громадным по масштабам небольшого городка.,2.9086404,-3.1450417,6.0536821,2.9086404
324,5,41,2,P,S,S,S_P-S,Залы для заседания был громадным по масштабам небольшого городка.,Залы для заседания,был громадным по масштабам небольшого городка.,-1.5375509,1.9874518,3.5250027,1.9874518
326,7,41,2,P,P,S,S_P-P,Залы для заседаний был громадным по масштабам небольшого городка.,Залы для заседаний,был громадным по масштабам небольшого городка.,-1.4250436,2.6245818,4.0496254,2.6245818
329,2,42,2,S,P,S,S_S-P,Запчасть для иномарок была старой по меркам современного автовладельца.,Запчасть для иномарок,была старой по меркам современного автовладельца.,-2.3898163,-4.7081447,2.3183284,-2.3898163
331,4,42,2,P,S,S,S_P-S,Запчасти для иномарки была старой по меркам современного автовладельца.,Запчасти для иномарки,была старой по меркам современного автовладельца.,-2.426121,-2.4346337,-0.008512699999999818,-2.4346337
333,6,42,2,P,P,S,S_P-P,Запчасти для иномарок была старой по меркам современного автовладельца.,Запчасти для иномарок,была старой по меркам современного автовладельца.,-3.0506356,-2.4691978,0.5814378000000002,-2.4691978
335,8,42,2,S,S,S,S_S-S,Запчасть для иномарки была старой по меркам современного автовладельца.,Запчасть для иномарки,была старой по меркам современного автовладельца.,-1.205031,-4.696465,3.491434,-1.205031
336,1,43,2,S,P,S,S_S-P,Исключение из правил было выписано на аккуратно свернутую шпаргалку.,Исключение из правил,было выписано на аккуратно свернутую шпаргалку.,0.30778036,-3.5692823,3.87706266,0.30778036
338,3,43,2,P,S,S,S_P-S,Исключения из правила было выписано на аккуратно свернутую шпаргалку.,Исключения из правила,было выписано на аккуратно свернутую шпаргалку.,-2.9569888,0.3554272,3.312416,0.3554272
340,5,43,2,P,P,S,S_P-P,Исключения из правил было выписано на аккуратно свернутую шпаргалку.,Исключения из правил,было выписано на аккуратно свернутую шпаргалку.,-2.9044325,0.76629776,3.67073026,0.76629776
342,7,43,2,S,S,S,S_S-S,Исключение из правила было выписано на аккуратно свернутую шпаргалку.,Исключение из правила,было выписано на аккуратно свернутую шпаргалку.,0.795657,-3.7108753,4.5065323,0.795657
345,2,44,2,P,S,S,S_P-S,Истерики из-за оценки была бурной по мнению родителей девочки.,Истерики из-за оценки,была бурной по мнению родителей девочки.,-1.1570754,2.0430143,3.2000897,2.0430143
347,4,44,2,P,P,S,S_P-P,Истерики из-за оценок была бурной по мнению родителей девочки.,Истерики из-за оценок,была бурной по мнению родителей девочки.,-0.262658,3.2851846,3.5478426,3.2851846
349,6,44,2,S,S,S,S_S-S,Истерика из-за оценки была бурной по мнению родителей девочки.,Истерика из-за оценки,была бурной по мнению родителей девочки.,2.620136,-3.2263207,5.8464567,2.620136
351,8,44,2,S,P,S,S_S-P,Истерика из-за оценок была бурной по мнению родителей девочки.,Истерика из-за оценок,была бурной по мнению родителей девочки.,2.8511813,-2.0351007,4.886282,2.8511813
352,1,45,2,P,S,S,S_P-S,Камни для ограды был завезен с лучшей итальянской каменоломни.,Камни для ограды,был завезен с лучшей итальянской каменоломни.,-1.7435671,0.8419957,2.5855628,0.8419957
354,3,45,2,P,P,S,S_P-P,Камни для оград был завезен с лучшей итальянской каменоломни.,Камни для оград,был завезен с лучшей итальянской каменоломни.,-3.1192663,-1.4283493,1.690917,-1.4283493
356,5,45,2,S,S,S,S_S-S,Камень для ограды  был завезен с лучшей итальянской каменоломни.,Камень для ограды,был завезен с лучшей итальянской каменоломни.,2.9229388,-1.9271762,4.850115,2.9229388
358,7,45,2,S,P,S,S_S-P,Камень для оград был завезен с лучшей итальянской каменоломни.,Камень для оград,был завезен с лучшей итальянской каменоломни.,0.8532022,-4.431003,5.2842052,0.8532022
361,2,46,2,P,P,S,S_P-P,Кирпичи для дач был привезен со склада бракованной продукции.,Кирпичи для дач,был привезен со склада бракованной продукции.,-3.280262,-1.3541679,1.9260941,-1.3541679
363,4,46,2,S,S,S,S_S-S,Кирпич для дачи был привезен со склада бракованной продукции.,Кирпич для дачи,был привезен со склада бракованной продукции.,0.8042956,-3.212439,4.0167345999999995,0.8042956
365,6,46,2,S,P,S,S_S-P,Кирпич для дач был привезен со склада бракованной продукции.,Кирпич для дач,был привезен со склада бракованной продукции.,0.29001397,-5.6202073,5.91022127,0.29001397
367,8,46,2,P,S,S,S_P-S,Кирпичи для дачи был привезен со склада бракованной продукции.,Кирпичи для дачи,был привезен со склада бракованной продукции.,-2.6301095,-0.16242737,2.46768213,-0.16242737
368,1,47,2,P,P,S,S_P-P,Ключи от шкатулок был ржавым из-за высокой влажности воздуха.,Ключи от шкатулок,был ржавым из-за высокой влажности воздуха.,-1.3662453,3.1211789,4.4874241999999995,3.1211789
370,3,47,2,S,S,S,S_S-S,Ключ от шкатулки был ржавым из-за высокой влажности воздуха.,Ключ от шкатулки,был ржавым из-за высокой влажности воздуха.,2.180869,-1.6854402,3.8663092,2.180869
372,5,47,2,S,P,S,S_S-P,Ключ от шкатулок был ржавым из-за высокой влажности воздуха.,Ключ от шкатулок,был ржавым из-за высокой влажности воздуха.,1.7291383,-1.4142519,3.1433902,1.7291383
374,7,47,2,P,S,S,S_P-S,Ключи от шкатулки был ржавым из-за высокой влажности воздуха.,Ключи от шкатулки,был ржавым из-за высокой влажности воздуха.,-0.44480678,3.3528879,3.7976946799999998,3.3528879
377,2,48,2,S,S,S,S_S-S,Комната для вечеринки была просторной из-за малого количества мебели.,Комната для вечеринки,была просторной из-за малого количества мебели.,3.0104764,-4.483878,7.4943544,3.0104764
379,4,48,2,S,P,S,S_S-P,Комната для вечеринок была просторной из-за малого количества мебели.,Комната для вечеринок,была просторной из-за малого количества мебели.,2.5407972,-3.7243502,6.2651474,2.5407972
381,6,48,2,P,S,S,S_P-S,Комнаты для вечеринки была просторной из-за малого количества мебели.,Комнаты для вечеринки,была просторной из-за малого количества мебели.,0.07884616,2.507549,2.42870284,2.507549
383,8,48,2,P,P,S,S_P-P,Комнаты для вечеринок была просторной из-за малого количества мебели.,Комнаты для вечеринок,была просторной из-за малого количества мебели.,-1.3569168,2.7855039,4.142420700000001,2.7855039
384,1,49,2,S,S,S,S_S-S,Кондиционер для помещения был неисправен из-за ошибки заводских сборщиков.,Кондиционер для помещения,был неисправен из-за ошибки заводских сборщиков.,0.7970003,-4.926162,5.723162299999999,0.7970003
386,3,49,2,S,P,S,S_S-P,Кондиционер для помещений был неисправен из-за ошибки заводских сборщиков.,Кондиционер для помещений,был неисправен из-за ошибки заводских сборщиков.,-0.4303533,-4.582796,4.1524427,-0.4303533
388,5,49,2,P,S,S,S_P-S,Кондиционеры для помещения был неисправен из-за ошибки заводских сборщиков.,Кондиционеры для помещения,был неисправен из-за ошибки заводских сборщиков.,-2.6592357,-0.37200913,2.28722657,-0.37200913
390,7,49,2,P,P,S,S_P-P,Кондиционеры для помещений был неисправен из-за ошибки заводских сборщиков.,Кондиционеры для помещений,был неисправен из-за ошибки заводских сборщиков.,-3.1409855,-0.40088323,2.7401022700000004,-0.40088323
393,2,50,2,S,P,S,S_S-P,Коробка для красок была картонной из-за экологических убеждений производителя.,Коробка для красок,была картонной из-за экологических убеждений производителя.,2.2847576,-2.3314066,4.6161642,2.2847576
395,4,50,2,P,S,S,S_P-S,Коробки для краски была картонной из-за экологических убеждений производителя.,Коробки для краски,была картонной из-за экологических убеждений производителя.,-1.7273282,2.097079,3.8244072,2.097079
397,6,50,2,P,P,S,S_P-P,Коробки для красок была картонной из-за экологических убеждений производителя.,Коробки для красок,была картонной из-за экологических убеждений производителя.,-1.621698,2.5169637,4.1386617,2.5169637
399,8,50,2,S,S,S,S_S-S,Коробка для краски была картонной из-за экологических убеждений производителя.,Коробка для краски,была картонной из-за экологических убеждений производителя.,1.3454493,-3.1507664,4.4962157000000005,1.3454493
400,1,51,2,S,P,S,S_S-P,Лекарство от болезней было доступным для отдельных категорий граждан.,Лекарство от болезней,было доступным для отдельных категорий граждан.,-0.5954908,-4.1890817,3.5935909,-0.5954908
402,3,51,2,P,S,S,S_P-S,Лекарства от болезни было доступным для отдельных категорий граждан.,Лекарства от болезни,было доступным для отдельных категорий граждан.,-2.0637933999999998,-0.60034686,1.4634465399999996,-0.60034686
404,5,51,2,P,P,S,S_P-P,Лекарства от болезней было доступным для отдельных категорий граждан.,Лекарства от болезней,было доступным для отдельных категорий граждан.,-3.5367212,-1.1371561,2.3995651000000002,-1.1371561
406,7,51,2,S,S,S,S_S-S,Лекарство от болезни было доступным для отдельных категорий граждан.,Лекарство от болезни,было доступным для отдельных категорий граждан.,0.047644116,-3.2649107,3.312554816,0.047644116
409,2,52,2,P,S,S,S_P-S,Лимузины для свадьбы был белым с яркими розовыми бантами.,Лимузины для свадьбы,был белым с яркими розовыми бантами.,-1.9832487,1.103395,3.0866436999999998,1.103395
411,4,52,2,P,P,S,S_P-P,Лимузины для свадеб был белым с яркими розовыми бантами.,Лимузины для свадеб,был белым с яркими розовыми бантами.,-2.3487806,0.671623,3.0204036,0.671623
413,6,52,2,S,S,S,S_S-S,Лимузин для свадьбы был белым с яркими розовыми бантами.,Лимузин для свадьбы,был белым с яркими розовыми бантами.,2.5258877,-3.041341,5.5672287,2.5258877
415,8,52,2,S,P,S,S_S-P,Лимузин для свадеб был белым с яркими розовыми бантами.,Лимузин для свадеб,был белым с яркими розовыми бантами.,1.6957592,-3.1201897,4.8159489,1.6957592
416,1,53,2,P,S,S,S_P-S,Лозунги из листовки был придуман с целью привлечения внимания.,Лозунги из листовки,был придуман с целью привлечения внимания.,-0.7563578,2.3073757,3.0637335,2.3073757
418,3,53,2,P,P,S,S_P-P,Лозунги из листовок был придуман с целью привлечения внимания.,Лозунги из листовок,был придуман с целью привлечения внимания.,-1.2890582,2.5703301,3.8593883,2.5703301
420,5,53,2,S,S,S,S_S-S,Лозунг из листовки был придуман с целью привлечения внимания.,Лозунг из листовки,был придуман с целью привлечения внимания.,2.745212,-3.222506,5.967718,2.745212
422,7,53,2,S,P,S,S_S-P,Лозунг из листовок был придуман с целью привлечения внимания.,Лозунг из листовок,был придуман с целью привлечения внимания.,3.1794071,-2.5502713,5.7296784,3.1794071
425,2,54,2,P,P,S,S_P-P,Массовки для съемок была набрана из числа местных студентов.,Массовки для съемок,была набрана из числа местных студентов.,-1.2918004,1.1106275,2.4024279,1.1106275
427,4,54,2,S,S,S,S_S-S,Массовка для съемки была набрана из числа местных студентов.,Массовка для съемки,была набрана из числа местных студентов.,1.6105056,-2.880809,4.4913146,1.6105056
429,6,54,2,S,P,S,S_S-P,Массовка для съемок была набрана из числа местных студентов.,Массовка для съемок,была набрана из числа местных студентов.,1.1834688,-3.7314777,4.9149465,1.1834688
431,8,54,2,P,S,S,S_P-S,Массовки для съемки была набрана из числа местных студентов.,Массовки для съемки,была набрана из числа местных студентов.,-0.98905873,1.7661202,2.75517893,1.7661202
432,1,55,2,P,P,S,S_P-P,Материалы для крыш был бракованным из-за нарушения режима хранения.,Материалы для крыш,был бракованным из-за нарушения режима хранения.,-2.6685023,-0.98785913,1.6806431700000002,-0.98785913
434,3,55,2,S,S,S,S_S-S,Материал для крыши был бракованным из-за нарушения режима хранения.,Материал для крыши,был бракованным из-за нарушения режима хранения.,3.0040648,-2.6015632,5.605628,3.0040648
436,5,55,2,S,P,S,S_S-P,Материал для крыш был бракованным из-за нарушения режима хранения.,Материал для крыш,был бракованным из-за нарушения режима хранения.,1.4248164,-4.200417,5.6252334,1.4248164
438,7,55,2,P,S,S,S_P-S,Материалы для крыши был бракованным из-за нарушения режима хранения.,Материалы для крыши,был бракованным из-за нарушения режима хранения.,-2.1221597,0.034693673,2.156853373,0.034693673
441,2,56,2,S,S,S,S_S-S,Мотор для лодки был заказан с учётом пожеланий рыбаков.,Мотор для лодки,был заказан с учётом пожеланий рыбаков.,2.019788,-3.2523923,5.2721803000000005,2.019788
443,4,56,2,S,P,S,S_S-P,Мотор для лодок был заказан с учётом пожеланий рыбаков.,Мотор для лодок,был заказан с учётом пожеланий рыбаков.,0.54356027,-3.42036,3.96392027,0.54356027
445,6,56,2,P,S,S,S_P-S,Моторы для лодки был заказан с учётом пожеланий рыбаков.,Моторы для лодки,был заказан с учётом пожеланий рыбаков.,-0.6109787,1.1047549,1.7157336,1.1047549
447,8,56,2,P,P,S,S_P-P,Моторы для лодок был заказан с учётом пожеланий рыбаков.,Моторы для лодок,был заказан с учётом пожеланий рыбаков.,-1.6854658,-0.22421461,1.46125119,-0.22421461
448,1,57,2,S,S,S,S_S-S,Мяч для игры был разработан для детских дошкольных учреждений.,Мяч для игры,был разработан для детских дошкольных учреждений.,2.0133533,-2.1911645,4.2045178,2.0133533
450,3,57,2,S,P,S,S_S-P,Мяч для игр был разработан для детских дошкольных учреждений.,Мяч для игр,был разработан для детских дошкольных учреждений.,0.72095597,-2.6842284,3.4051843699999997,0.72095597
452,5,57,2,P,S,S,S_P-S,Мячи для игры был разработан для детских дошкольных учреждений.,Мячи для игры,был разработан для детских дошкольных учреждений.,-2.9582424,2.3648148,5.3230572,2.3648148
454,7,57,2,P,P,S,S_P-P,Мячи для игр был разработан для детских дошкольных учреждений.,Мячи для игр,был разработан для детских дошкольных учреждений.,-2.6109076,2.205049,4.8159566,2.205049
457,2,58,2,S,P,S,S_S-P,Перелом из-за падений был тяжелым из-за преклонного возраста альпиниста.,Перелом из-за падений,был тяжелым из-за преклонного возраста альпиниста.,2.9942513,-2.196033,5.1902843,2.9942513
459,4,58,2,P,S,S,S_P-S,Переломы из-за падения был тяжелым из-за преклонного возраста альпиниста.,Переломы из-за падения,был тяжелым из-за преклонного возраста альпиниста.,-2.277732,0.5646069,2.8423388999999997,0.5646069
461,6,58,2,P,P,S,S_P-P,Переломы из-за падений был тяжелым из-за преклонного возраста альпиниста.,Переломы из-за падений,был тяжелым из-за преклонного возраста альпиниста.,-0.6835634,2.1475263,2.8310897,2.1475263
463,8,58,2,S,S,S,S_S-S,Перелом из-за падения был тяжелым из-за преклонного возраста альпиниста.,Перелом из-за падения,был тяжелым из-за преклонного возраста альпиниста.,1.3004813,-3.3734987,4.67398,1.3004813
464,1,59,2,S,P,S,S_S-P,Пристань для яхт была мокрой из-за высоких штормовых волн.,Пристань для яхт,была мокрой из-за высоких штормовых волн.,2.4151912,-3.0664608,5.481652,2.4151912
466,3,59,2,P,S,S,S_P-S,Пристани для яхты была мокрой из-за высоких штормовых волн.,Пристани для яхты,была мокрой из-за высоких штормовых волн.,0.042335913,2.4226775,2.3803415869999998,2.4226775
468,5,59,2,P,P,S,S_P-P,Пристани для яхт была мокрой из-за высоких штормовых волн.,Пристани для яхт,была мокрой из-за высоких штормовых волн.,-0.97888005,1.8444147,2.82329475,1.8444147
470,7,59,2,S,S,S,S_S-S,Пристань для яхты была мокрой из-за высоких штормовых волн.,Пристань для яхты,была мокрой из-за высоких штормовых волн.,2.5846577,-2.2284427,4.8131004,2.5846577
473,2,60,2,P,S,S,S_P-S,Пропуски из-за травмы был согласован с главным врачом команды.,Пропуски из-за травмы,был согласован с главным врачом команды.,-1.4469553,2.433055,3.8800103,2.433055
475,4,60,2,P,P,S,S_P-P,Пропуски из-за травм был согласован с главным врачом команды.,Пропуски из-за травм,был согласован с главным врачом команды.,-2.714886,2.8875992,5.6024852,2.8875992
477,6,60,2,S,S,S,S_S-S,Пропуск из-за травмы был согласован с главным врачом команды.,Пропуск из-за травмы,был согласован с главным врачом команды.,2.581084,-3.360402,5.941486,2.581084
479,8,60,2,S,P,S,S_S-P,Пропуск из-за травм был согласован с главным врачом команды.,Пропуск из-за травм,был согласован с главным врачом команды.,2.64144,-1.9464142,4.5878542,2.64144
480,1,61,2,P,S,S,S_P-S,Рассказы об аварии был приукрашен для усиления эмоционального напряжения.,Рассказы об аварии,был приукрашен для усиления эмоционального напряжения.,-1.8868878,0.7738781,2.6607659,0.7738781
482,3,61,2,P,P,S,S_P-P,Рассказы об авариях был приукрашен для усиления эмоционального напряжения.,Рассказы об авариях,был приукрашен для усиления эмоционального напряжения.,-0.96359825,1.1407418,2.1043400500000002,1.1407418
484,5,61,2,S,S,S,S_S-S,Рассказ об аварии был приукрашен для усиления эмоционального напряжения.,Рассказ об аварии,был приукрашен для усиления эмоционального напряжения.,2.144516,-4.4419165,6.586432499999999,2.144516
486,7,61,2,S,P,S,S_S-P,Рассказ об авариях был приукрашен для усиления эмоционального напряжения.,Рассказ об авариях,был приукрашен для усиления эмоционального напряжения.,1.9416878,-3.8844151,5.8261029,1.9416878
489,2,62,2,P,P,S,S_P-P,Репортажи для газет был написан после разрешения публичной огласки.,Репортажи для газет,был написан после разрешения публичной огласки.,-2.1616986,1.2726002,3.4342987999999997,1.2726002
491,4,62,2,S,S,S,S_S-S,Репортаж для газеты был написан после разрешения публичной огласки.,Репортаж для газеты,был написан после разрешения публичной огласки.,1.037828,-4.1553884,5.1932164,1.037828
493,6,62,2,S,P,S,S_S-P,Репортаж для газет был написан после разрешения публичной огласки.,Репортаж для газет,был написан после разрешения публичной огласки.,1.3215419,-1.4562315,2.7777734,1.3215419
495,8,62,2,P,S,S,S_P-S,Репортажи для газеты был написан после разрешения публичной огласки.,Репортажи для газеты,был написан после разрешения публичной огласки.,-2.1256585,-0.070292905,2.055365595,-0.070292905
496,1,63,2,P,P,S,S_P-P,Скандалы из-за статей был масштабным в глазах непосредственных участников.,Скандалы из-за статей,был масштабным в глазах непосредственных участников.,-1.83593,0.46859658,2.30452658,0.46859658
498,3,63,2,S,S,S,S_S-S,Скандал из-за статьи был масштабным в глазах непосредственных участников.,Скандал из-за статьи,был масштабным в глазах непосредственных участников.,1.2648786,-5.2631855,6.5280641,1.2648786
500,5,63,2,S,P,S,S_S-P,Скандал из-за статей был масштабным в глазах непосредственных участников.,Скандал из-за статей,был масштабным в глазах непосредственных участников.,0.88188773,-3.5466256,4.42851333,0.88188773
502,7,63,2,P,S,S,S_P-S,Скандалы из-за статьи был масштабным в глазах непосредственных участников.,Скандалы из-за статьи,был масштабным в глазах непосредственных участников.,-1.5422798,0.7791277,2.3214075,0.7791277
505,2,64,2,S,S,S,S_S-S,Скидка от авиакомпании была беспрецедентной из-за недавнего крушения самолёта.,Скидка от авиакомпании,была беспрецедентной из-за недавнего крушения самолёта.,1.1262426,-3.646192,4.7724346,1.1262426
507,4,64,2,S,P,S,S_S-P,Скидка от авиакомпаний была беспрецедентной из-за недавнего крушения самолёта.,Скидка от авиакомпаний,была беспрецедентной из-за недавнего крушения самолёта.,0.2648604,-4.1590776,4.423938,0.2648604
509,6,64,2,P,S,S,S_P-S,Скидки от авиакомпании была беспрецедентной из-за недавнего крушения самолёта.,Скидки от авиакомпании,была беспрецедентной из-за недавнего крушения самолёта.,-2.4961302,-0.021433711,2.4746964890000003,-0.021433711
511,8,64,2,P,P,S,S_P-P,Скидки от авиакомпаний была беспрецедентной из-за недавнего крушения самолёта.,Скидки от авиакомпаний,была беспрецедентной из-за недавнего крушения самолёта.,-2.7320998,-0.06911278,2.6629870199999996,-0.06911278
