...1,Prot,Sent,Group,N1,N2,Pred,Code,Sentence,left,right,masked_left,masked_full,need_to_predict,left_bert_is_singular,full_bert_is_singular,left_bert_is_singular_score,left_bert_is_plural_score,full_bert_is_singular_score,full_bert_is_plural_score,verb_correct_delta,verb_correct_delta2
0,1,1,1,S,S,S,S_S-S,Абонемент на концерт был дорогим из-за участия популярных артистов.,Абонемент на концерт,был дорогим из-за участия популярных артистов.,Абонемент на концерт [MASK],Абонемент на концерт [MASK] [MASK] из-за участия популярных артистов.,был дорогим,TRUE,TRUE,3.0692358016967773,-3.2619361877441406,11.95199203491211,5.909460544586182,6.331171989440918,3.0692358016967773
2,3,1,1,S,P,S,S_S-P,Абонемент на концерты был дорогим из-за участия популярных артистов.,Абонемент на концерты,был дорогим из-за участия популярных артистов.,Абонемент на концерты [MASK],Абонемент на концерты [MASK] [MASK] из-за участия популярных артистов.,был дорогим,TRUE,TRUE,2.110902786254883,-1.0378894805908203,10.065629005432127,5.547128200531006,3.148792266845703,2.110902786254883
4,5,1,1,P,S,S,S_P-S,Абонементы на концерт был дорогим из-за участия популярных артистов.,Абонементы на концерт,был дорогим из-за участия популярных артистов.,Абонементы на концерт [MASK],Абонементы на концерт [MASK] [MASK] из-за участия популярных артистов.,был дорогим,FALSE,FALSE,-0.3492622673511505,2.868706703186035,6.86793327331543,11.481144905090332,3.2179689705371857,2.868706703186035
6,7,1,1,P,P,S,S_P-P,Абонементы на концерты был дорогим из-за участия популярных артистов.,Абонементы на концерты,был дорогим из-за участия популярных артистов.,Абонементы на концерты [MASK],Абонементы на концерты [MASK] [MASK] из-за участия популярных артистов.,был дорогим,FALSE,FALSE,-1.3562612533569336,2.4729232788085938,4.784212589263916,10.253652572631836,3.8291845321655273,2.4729232788085938
9,2,2,1,S,P,S,S_S-P,Анекдот про экзамены был обидным для строгого пожилого учителя.,Анекдот про экзамены,был обидным для строгого пожилого учителя.,Анекдот про экзамены [MASK],Анекдот про экзамены [MASK] [MASK] для строгого пожилого учителя.,был обидным,TRUE,FALSE,0.37405213713645935,-1.5213543176651,5.041701793670654,5.687928676605225,1.8954064548015594,0.37405213713645935
11,4,2,1,P,S,S,S_P-S,Анекдоты про экзамен был обидным для строгого пожилого учителя.,Анекдоты про экзамен,был обидным для строгого пожилого учителя.,Анекдоты про экзамен [MASK],Анекдоты про экзамен [MASK] [MASK] для строгого пожилого учителя.,был обидным,TRUE,FALSE,-1.209273099899292,-1.392478585243225,5.41268253326416,7.434675216674805,-0.1832054853439331,-1.392478585243225
13,6,2,1,P,P,S,S_P-P,Анекдоты про экзамены был обидным для строгого пожилого учителя.,Анекдоты про экзамены,был обидным для строгого пожилого учителя.,Анекдоты про экзамены [MASK],Анекдоты про экзамены [MASK] [MASK] для строгого пожилого учителя.,был обидным,FALSE,FALSE,-1.2589008808135986,0.6307214498519897,2.92477035522461,8.079334259033203,1.8896223306655884,0.6307214498519897
15,8,2,1,S,S,S,S_S-S,Анекдот про экзамен был обидным для строгого пожилого учителя.,Анекдот про экзамен,был обидным для строгого пожилого учителя.,Анекдот про экзамен [MASK],Анекдот про экзамен [MASK] [MASK] для строгого пожилого учителя.,был обидным,TRUE,TRUE,0.7146731615066528,-3.5965476036071777,6.654249668121338,1.5883041620254517,4.311220765113831,0.7146731615066528
16,1,3,1,S,P,S,S_S-P,Арка во дворы была проделана в несущей конструкции здания,Арка во дворы,была проделана в несущей конструкции здания,Арка во дворы [MASK],Арка во дворы [MASK] [MASK] в несущей конструкции здания,была проделана,TRUE,TRUE,2.3951575756073,1.3160876035690308,9.148632049560549,4.902115345001221,1.079069972038269,2.3951575756073
18,3,3,1,P,S,S,S_P-S,Арки во двор была проделана в несущей конструкции здания,Арки во двор,была проделана в несущей конструкции здания,Арки во двор [MASK],Арки во двор [MASK] [MASK] в несущей конструкции здания,была проделана,FALSE,FALSE,2.341716766357422,5.100271224975586,5.143296718597412,9.465168952941896,2.758554458618164,5.100271224975586
20,5,3,1,P,P,S,S_P-P,Арки во дворы была проделана в несущей конструкции здания,Арки во дворы,была проделана в несущей конструкции здания,Арки во дворы [MASK],Арки во дворы [MASK] [MASK] в несущей конструкции здания,была проделана,FALSE,FALSE,1.7002358436584473,4.963901996612549,4.753898620605469,9.204523086547852,3.2636661529541016,4.963901996612549
22,7,3,1,S,S,S,S_S-S,Арка во двор была проделана в несущей конструкции здания,Арка во двор,была проделана в несущей конструкции здания,Арка во двор [MASK],Арка во двор [MASK] [MASK] в несущей конструкции здания,была проделана,TRUE,TRUE,3.113349676132202,1.2938464879989624,9.50084114074707,4.772201061248779,1.8195031881332397,3.113349676132202
25,2,4,1,P,S,S,S_P-S,Атаки на крепость была безуспешной из-за стратегической ошибки полководца.,Атаки на крепость,была безуспешной из-за стратегической ошибки полководца.,Атаки на крепость [MASK],Атаки на крепость [MASK] [MASK] из-за стратегической ошибки полководца.,была безуспешной,FALSE,FALSE,-1.157496690750122,-0.29574811458587646,5.576770782470703,9.949911117553713,0.8617485761642456,-0.29574811458587646
27,4,4,1,P,P,S,S_P-P,Атаки на крепости была безуспешной из-за стратегической ошибки полководца.,Атаки на крепости,была безуспешной из-за стратегической ошибки полководца.,Атаки на крепости [MASK],Атаки на крепости [MASK] [MASK] из-за стратегической ошибки полководца.,была безуспешной,FALSE,FALSE,-0.996732532978058,1.502266526222229,5.366115570068359,10.210328102111816,2.498999059200287,1.502266526222229
29,6,4,1,S,S,S,S_S-S,Атака на крепость была безуспешной из-за стратегической ошибки полководца.,Атака на крепость,была безуспешной из-за стратегической ошибки полководца.,Атака на крепость [MASK],Атака на крепость [MASK] [MASK] из-за стратегической ошибки полководца.,была безуспешной,TRUE,TRUE,-0.7773998379707336,-3.758004665374756,10.731695175170898,4.0605549812316895,2.980604827404022,-0.7773998379707336
31,8,4,1,S,P,S,S_S-P,Атака на крепости была безуспешной из-за стратегической ошибки полководца.,Атака на крепости,была безуспешной из-за стратегической ошибки полководца.,Атака на крепости [MASK],Атака на крепости [MASK] [MASK] из-за стратегической ошибки полководца.,была безуспешной,TRUE,TRUE,-0.3302468955516815,-1.2002344131469729,10.992847442626951,5.294030666351318,0.8699875175952914,-0.3302468955516815
32,1,5,1,P,S,S,S_P-S,Билеты в музей был утерян во время уличной демонстрации.,Билеты в музей,был утерян во время уличной демонстрации.,Билеты в музей [MASK],Билеты в музей [MASK] [MASK] во время уличной демонстрации.,был утерян,FALSE,FALSE,-2.7543039321899414,0.5719085931777954,5.382760524749756,10.219194412231444,3.326212525367737,0.5719085931777954
34,3,5,1,P,P,S,S_P-P,Билеты в музеи был утерян во время уличной демонстрации.,Билеты в музеи,был утерян во время уличной демонстрации.,Билеты в музеи [MASK],Билеты в музеи [MASK] [MASK] во время уличной демонстрации.,был утерян,FALSE,FALSE,-1.5292608737945557,1.445478916168213,4.633660316467285,9.94140625,2.9747397899627686,1.445478916168213
36,5,5,1,S,S,S,S_S-S,Билет в музей был утерян во время уличной демонстрации.,Билет в музей,был утерян во время уличной демонстрации.,Билет в музей [MASK],Билет в музей [MASK] [MASK] во время уличной демонстрации.,был утерян,TRUE,TRUE,1.3653393983840942,-2.6400346755981445,12.11558437347412,5.0595293045043945,4.005374073982239,1.3653393983840942
38,7,5,1,S,P,S,S_S-P,Билет в музеи был утерян во время уличной демонстрации.,Билет в музеи,был утерян во время уличной демонстрации.,Билет в музеи [MASK],Билет в музеи [MASK] [MASK] во время уличной демонстрации.,был утерян,TRUE,TRUE,0.7062398195266724,-1.1531882286071775,11.394558906555176,6.456640720367432,1.8594280481338499,0.7062398195266724
41,2,6,1,P,P,S,S_P-P,Взгляды на снимки был брошен из-под длинных опущенных ресниц.,Взгляды на снимки,был брошен из-под длинных опущенных ресниц.,Взгляды на снимки [MASK],Взгляды на снимки [MASK] [MASK] из-под длинных опущенных ресниц.,был брошен,FALSE,FALSE,-0.955005705356598,0.33959805965423584,3.0080578327178955,8.433202743530273,1.2946037650108337,0.33959805965423584
43,4,6,1,S,S,S,S_S-S,Взгляд на снимок был брошен из-под длинных опущенных ресниц.,Взгляд на снимок,был брошен из-под длинных опущенных ресниц.,Взгляд на снимок [MASK],Взгляд на снимок [MASK] [MASK] из-под длинных опущенных ресниц.,был брошен,TRUE,TRUE,-0.02689841389656067,-3.02417516708374,7.815515041351318,3.2045249938964844,2.997276753187179,-0.02689841389656067
45,6,6,1,S,P,S,S_S-P,Взгляд на снимки был брошен из-под длинных опущенных ресниц.,Взгляд на снимки,был брошен из-под длинных опущенных ресниц.,Взгляд на снимки [MASK],Взгляд на снимки [MASK] [MASK] из-под длинных опущенных ресниц.,был брошен,TRUE,TRUE,-0.8090915083885193,-1.188983917236328,7.262417316436768,5.000288009643555,0.3798924088478086,-0.8090915083885193
47,8,6,1,P,S,S,S_P-S,Взгляды на снимок был брошен из-под длинных опущенных ресниц.,Взгляды на снимок,был брошен из-под длинных опущенных ресниц.,Взгляды на снимок [MASK],Взгляды на снимок [MASK] [MASK] из-под длинных опущенных ресниц.,был брошен,TRUE,FALSE,-1.1556692123413086,-1.7989825010299685,4.020793914794922,9.041958808898926,-0.6433132886886599,-1.7989825010299685
48,1,7,1,P,P,S,S_P-P,Возражения на упреки было принято без излишне бурных эмоций.,Возражения на упреки,было принято без излишне бурных эмоций.,Возражения на упреки [MASK],Возражения на упреки [MASK] [MASK] без излишне бурных эмоций.,было принято,FALSE,FALSE,1.8873486518859863,2.85144567489624,7.642246246337891,8.169900894165039,0.9640970230102535,2.85144567489624
50,3,7,1,S,S,S,S_S-S,Возражение на упрек было принято без излишне бурных эмоций.,Возражение на упрек,было принято без излишне бурных эмоций.,Возражение на упрек [MASK],Возражение на упрек [MASK] [MASK] без излишне бурных эмоций.,было принято,TRUE,TRUE,1.8968687057495115,-0.6494138240814209,9.641850471496582,6.033266544342041,2.5462825298309326,1.8968687057495115
52,5,7,1,S,P,S,S_S-P,Возражение на упреки было принято без излишне бурных эмоций.,Возражение на упреки,было принято без излишне бурных эмоций.,Возражение на упреки [MASK],Возражение на упреки [MASK] [MASK] без излишне бурных эмоций.,было принято,TRUE,TRUE,2.578840494155884,-0.14443862438201904,9.480108261108398,4.971606731414795,2.723279118537903,2.578840494155884
54,7,7,1,P,S,S,S_P-S,Возражения на упрек было принято без излишне бурных эмоций.,Возражения на упрек,было принято без излишне бурных эмоций.,Возражения на упрек [MASK],Возражения на упрек [MASK] [MASK] без излишне бурных эмоций.,было принято,TRUE,FALSE,1.780181646347046,0.8306015729904175,7.073293685913086,8.274709701538086,-0.9495800733566284,0.8306015729904175
57,2,8,1,S,S,S,S_S-S,Выстрел в цель был неточным из-за сбитого прицела ружья.,Выстрел в цель,был неточным из-за сбитого прицела ружья.,Выстрел в цель [MASK],Выстрел в цель [MASK] [MASK] из-за сбитого прицела ружья.,был неточным,TRUE,TRUE,1.253202199935913,-2.6650137901306152,12.37491512298584,6.111897945404053,3.9182159900665283,1.253202199935913
59,4,8,1,S,P,S,S_S-P,Выстрел в цели был неточным из-за сбитого прицела ружья.,Выстрел в цели,был неточным из-за сбитого прицела ружья.,Выстрел в цели [MASK],Выстрел в цели [MASK] [MASK] из-за сбитого прицела ружья.,был неточным,TRUE,TRUE,1.8940081596374512,0.3960907459259033,12.707566261291504,8.691688537597656,1.4979174137115479,1.8940081596374512
61,6,8,1,P,S,S,S_P-S,Выстрелы в цель был неточным из-за сбитого прицела ружья.,Выстрелы в цель,был неточным из-за сбитого прицела ружья.,Выстрелы в цель [MASK],Выстрелы в цель [MASK] [MASK] из-за сбитого прицела ружья.,был неточным,FALSE,FALSE,-0.11311274766921996,2.093194484710694,8.048932075500488,12.38743019104004,2.2063072323799138,2.093194484710694
63,8,8,1,P,P,S,S_P-P,Выстрелы в цели был неточным из-за сбитого прицела ружья.,Выстрелы в цели,был неточным из-за сбитого прицела ружья.,Выстрелы в цели [MASK],Выстрелы в цели [MASK] [MASK] из-за сбитого прицела ружья.,был неточным,FALSE,FALSE,-0.13304340839385986,3.240905284881592,7.519832134246826,12.467729568481444,3.3739486932754517,3.240905284881592
64,1,9,1,S,S,S,S_S-S,Дорога через лес была проложена для снабжения людей провизией.,Дорога через лес,была проложена для снабжения людей провизией.,Дорога через лес [MASK],Дорога через лес [MASK] [MASK] для снабжения людей провизией.,была проложена,TRUE,TRUE,1.9962011575698853,-1.6472595930099487,13.52242374420166,6.201236248016357,3.643460750579834,1.9962011575698853
66,3,9,1,S,P,S,S_S-P,Дорога через леса была проложена для снабжения людей провизией.,Дорога через леса,была проложена для снабжения людей провизией.,Дорога через леса [MASK],Дорога через леса [MASK] [MASK] для снабжения людей провизией.,была проложена,TRUE,TRUE,2.5663845539093018,0.08890354633331299,13.093657493591309,6.384657382965088,2.4774810075759888,2.5663845539093018
68,5,9,1,P,S,S,S_P-S,Дороги через лес была проложена для снабжения людей провизией.,Дороги через лес,была проложена для снабжения людей провизией.,Дороги через лес [MASK],Дороги через лес [MASK] [MASK] для снабжения людей провизией.,была проложена,FALSE,FALSE,-1.2674736976623535,0.8956913948059082,6.819413661956787,12.74431610107422,2.1631650924682617,0.8956913948059082
70,7,9,1,P,P,S,S_P-P,Дороги через леса была проложена для снабжения людей провизией.,Дороги через леса,была проложена для снабжения людей провизией.,Дороги через леса [MASK],Дороги через леса [MASK] [MASK] для снабжения людей провизией.,была проложена,FALSE,FALSE,-0.48742544651031494,1.4109110832214355,5.968164920806885,12.49680233001709,1.8983365297317505,1.4109110832214355
73,2,10,1,S,P,S,S_S-P,Жалоба на боли была тихой из-за нарушения дыхания пациента.,Жалоба на боли,была тихой из-за нарушения дыхания пациента.,Жалоба на боли [MASK],Жалоба на боли [MASK] [MASK] из-за нарушения дыхания пациента.,была тихой,TRUE,TRUE,3.6136999130249023,0.5839332342147827,11.811651229858398,6.182400226593018,3.0297666788101196,3.6136999130249023
75,4,10,1,P,S,S,S_P-S,Жалобы на боль была тихой из-за нарушения дыхания пациента.,Жалобы на боль,была тихой из-за нарушения дыхания пациента.,Жалобы на боль [MASK],Жалобы на боль [MASK] [MASK] из-за нарушения дыхания пациента.,была тихой,FALSE,FALSE,3.5628509521484375,6.004985332489014,8.997919082641602,13.347150802612305,2.442134380340576,6.004985332489014
77,6,10,1,P,P,S,S_P-P,Жалобы на боли была тихой из-за нарушения дыхания пациента.,Жалобы на боли,была тихой из-за нарушения дыхания пациента.,Жалобы на боли [MASK],Жалобы на боли [MASK] [MASK] из-за нарушения дыхания пациента.,была тихой,FALSE,FALSE,1.072279691696167,3.956554889678955,6.546672344207764,11.78367042541504,2.884275197982788,3.956554889678955
79,8,10,1,S,S,S,S_S-S,Жалоба на боль была тихой из-за нарушения дыхания пациента.,Жалоба на боль,была тихой из-за нарушения дыхания пациента.,Жалоба на боль [MASK],Жалоба на боль [MASK] [MASK] из-за нарушения дыхания пациента.,была тихой,TRUE,TRUE,5.956091403961182,1.5067254304885864,14.131820678710938,7.937736988067627,4.449365973472595,5.956091403961182
80,1,11,1,S,P,S,S_S-P,История про убийства была рассказана в присутствии маленьких детей.,История про убийства,была рассказана в присутствии маленьких детей.,История про убийства [MASK],История про убийства [MASK] [MASK] в присутствии маленьких детей.,была рассказана,TRUE,FALSE,-0.12967628240585327,-0.3870924711227417,4.480997085571289,5.391853332519531,0.25741618871688843,-0.12967628240585327
82,3,11,1,P,S,S,S_P-S,Истории про убийство была рассказана в присутствии маленьких детей.,Истории про убийство,была рассказана в присутствии маленьких детей.,Истории про убийство [MASK],Истории про убийство [MASK] [MASK] в присутствии маленьких детей.,была рассказана,TRUE,FALSE,0.0880967378616333,-1.3572806119918823,6.4096808433532715,8.360639572143555,-1.4453773498535156,-1.3572806119918823
84,5,11,1,P,P,S,S_P-P,Истории про убийства была рассказана в присутствии маленьких детей.,Истории про убийства,была рассказана в присутствии маленьких детей.,Истории про убийства [MASK],Истории про убийства [MASK] [MASK] в присутствии маленьких детей.,была рассказана,FALSE,FALSE,-1.2865891456604004,0.3894139528274536,5.3636298179626465,9.561944961547852,1.676003098487854,0.3894139528274536
86,7,11,1,S,S,S,S_S-S,История про убийство была рассказана в присутствии маленьких детей.,История про убийство,была рассказана в присутствии маленьких детей.,История про убийство [MASK],История про убийство [MASK] [MASK] в присутствии маленьких детей.,была рассказана,TRUE,TRUE,0.5793152451515198,-2.889514923095703,4.689257621765137,1.84505832195282,3.468830168247223,0.5793152451515198
89,2,12,1,P,S,S,S_P-S,Тропинки через луг была протоптана во время деревенской ярмарки.,Тропинки через луг,была протоптана во время деревенской ярмарки.,Тропинки через луг [MASK],Тропинки через луг [MASK] [MASK] во время деревенской ярмарки.,была протоптана,FALSE,FALSE,-0.9355944395065308,-0.4632072448730469,4.796088218688965,8.855772018432617,0.4723871946334839,-0.4632072448730469
91,4,12,1,P,P,S,S_P-P,Тропинки через луга была протоптана во время деревенской ярмарки.,Тропинки через луга,была протоптана во время деревенской ярмарки.,Тропинки через луга [MASK],Тропинки через луга [MASK] [MASK] во время деревенской ярмарки.,была протоптана,FALSE,FALSE,-1.6701266765594482,0.7175920009613037,4.775834083557129,9.0524749755859375,2.387718677520752,0.7175920009613037
93,6,12,1,S,S,S,S_S-S,Тропинка через луг была протоптана во время деревенской ярмарки.,Тропинка через луг,была протоптана во время деревенской ярмарки.,Тропинка через луг [MASK],Тропинка через луг [MASK] [MASK] во время деревенской ярмарки.,была протоптана,TRUE,TRUE,0.14739790558815002,-1.7466448545455933,9.922318458557127,2.2356133460998535,1.8940427601337433,0.14739790558815002
95,8,12,1,S,P,S,S_S-P,Тропинка через луга была протоптана во время деревенской ярмарки.,Тропинка через луга,была протоптана во время деревенской ярмарки.,Тропинка через луга [MASK],Тропинка через луга [MASK] [MASK] во время деревенской ярмарки.,была протоптана,TRUE,TRUE,-0.7007715106010437,-2.427667140960694,9.545026779174805,2.4589033126831055,1.72689563035965,-0.7007715106010437
96,1,13,1,P,S,S,S_P-S,Кружева на наряд было упаковано в вышитый шёлковый мешочек.,Кружева на наряд,было упаковано в вышитый шёлковый мешочек.,Кружева на наряд [MASK],Кружева на наряд [MASK] [MASK] в вышитый шёлковый мешочек.,было упаковано,TRUE,FALSE,1.5801615715026855,0.0682726800441742,7.497170448303223,7.649816036224365,-1.5118888914585114,0.0682726800441742
98,3,13,1,P,P,S,S_P-P,Кружева на наряды было упаковано в вышитый шёлковый мешочек.,Кружева на наряды,было упаковано в вышитый шёлковый мешочек.,Кружева на наряды [MASK],Кружева на наряды [MASK] [MASK] в вышитый шёлковый мешочек.,было упаковано,TRUE,FALSE,0.48849862813949585,-0.2640281021595001,7.753669738769531,8.854097366333008,-0.752526730298996,-0.2640281021595001
100,5,13,1,S,S,S,S_S-S,Кружево на наряд было упаковано в вышитый шёлковый мешочек.,Кружево на наряд,было упаковано в вышитый шёлковый мешочек.,Кружево на наряд [MASK],Кружево на наряд [MASK] [MASK] в вышитый шёлковый мешочек.,было упаковано,TRUE,TRUE,1.4310050010681152,-0.6369895339012146,7.316478252410889,5.158725261688232,2.06799453496933,1.4310050010681152
102,7,13,1,S,P,S,S_S-P,Кружево на наряды было упаковано в вышитый шёлковый мешочек.,Кружево на наряды,было упаковано в вышитый шёлковый мешочек.,Кружево на наряды [MASK],Кружево на наряды [MASK] [MASK] в вышитый шёлковый мешочек.,было упаковано,TRUE,TRUE,1.1390345096588137,-0.9828410744667052,9.662148475646973,7.116094589233398,2.121875584125519,1.1390345096588137
105,2,14,1,P,P,S,S_P-P,Легенды про замки была записана в старинной летописи графства.,Легенды про замки,была записана в старинной летописи графства.,Легенды про замки [MASK],Легенды про замки [MASK] [MASK] в старинной летописи графства.,была записана,FALSE,FALSE,-2.058825731277466,-0.7461419701576233,2.9647626876831055,8.708995819091797,1.3126837611198425,-0.7461419701576233
107,4,14,1,S,S,S,S_S-S,Легенда про замок была записана в старинной летописи графства.,Легенда про замок,была записана в старинной летописи графства.,Легенда про замок [MASK],Легенда про замок [MASK] [MASK] в старинной летописи графства.,была записана,TRUE,TRUE,-2.120619535446167,-4.343242168426514,7.415970325469971,2.1002583503723145,2.2226226329803467,-2.120619535446167
109,6,14,1,S,P,S,S_S-P,Легенда про замки была записана в старинной летописи графства.,Легенда про замки,была записана в старинной летописи графства.,Легенда про замки [MASK],Легенда про замки [MASK] [MASK] в старинной летописи графства.,была записана,TRUE,TRUE,-2.565638780593872,-3.0574350357055664,7.680452346801758,4.6048054695129395,0.49179625511169434,-2.565638780593872
111,8,14,1,P,S,S,S_P-S,Легенды про замок была записана в старинной летописи графства.,Легенды про замок,была записана в старинной летописи графства.,Легенды про замок [MASK],Легенды про замок [MASK] [MASK] в старинной летописи графства.,была записана,TRUE,FALSE,-2.1613247394561768,-3.2924976348876953,3.398529529571533,7.77831506729126,-1.1311728954315186,-3.2924976348876953
112,1,15,1,P,P,S,S_P-P,Лестницы в подвалы была крутой из-за отсутствия свободного места.,Лестницы в подвалы,была крутой из-за отсутствия свободного места.,Лестницы в подвалы [MASK],Лестницы в подвалы [MASK] [MASK] из-за отсутствия свободного места.,была крутой,FALSE,FALSE,0.5198448300361633,3.687120914459229,4.555347442626953,9.619743347167969,3.1672760844230656,3.687120914459229
114,3,15,1,S,S,S,S_S-S,Лестница в подвал была крутой из-за отсутствия свободного места.,Лестница в подвал,была крутой из-за отсутствия свободного места.,Лестница в подвал [MASK],Лестница в подвал [MASK] [MASK] из-за отсутствия свободного места.,была крутой,TRUE,TRUE,1.4105632305145264,-1.804773211479187,9.55950927734375,3.2181005477905273,3.2153364419937134,1.4105632305145264
116,5,15,1,S,P,S,S_S-P,Лестница в подвалы была крутой из-за отсутствия свободного места.,Лестница в подвалы,была крутой из-за отсутствия свободного места.,Лестница в подвалы [MASK],Лестница в подвалы [MASK] [MASK] из-за отсутствия свободного места.,была крутой,TRUE,TRUE,1.519718885421753,1.042735934257507,9.896292686462402,4.293338298797607,0.4769829511642458,1.519718885421753
118,7,15,1,P,S,S,S_P-S,Лестницы в подвал была крутой из-за отсутствия свободного места.,Лестницы в подвал,была крутой из-за отсутствия свободного места.,Лестницы в подвал [MASK],Лестницы в подвал [MASK] [MASK] из-за отсутствия свободного места.,была крутой,FALSE,FALSE,0.7492648959159851,2.8640894889831543,4.5702362060546875,9.08964729309082,2.114824593067169,2.8640894889831543
121,2,16,1,S,S,S,S_S-S,Мост через овраг был возведён после окончания военных действий.,Мост через овраг,был возведён после окончания военных действий.,Мост через овраг [MASK],Мост через овраг [MASK] [MASK] после окончания военных действий.,был возведён,TRUE,TRUE,0.4542419612407684,-3.952168464660645,12.351773262023926,5.395992279052734,4.406410425901413,0.4542419612407684
123,4,16,1,S,P,S,S_S-P,Мост через овраги был возведён после окончания военных действий.,Мост через овраги,был возведён после окончания военных действий.,Мост через овраги [MASK],Мост через овраги [MASK] [MASK] после окончания военных действий.,был возведён,TRUE,TRUE,0.8792836666107178,-1.4647102355957031,12.413159370422363,5.734010219573975,2.343993902206421,0.8792836666107178
125,6,16,1,P,S,S,S_P-S,Мосты через овраг был возведён после окончания военных действий.,Мосты через овраг,был возведён после окончания военных действий.,Мосты через овраг [MASK],Мосты через овраг [MASK] [MASK] после окончания военных действий.,был возведён,FALSE,FALSE,-1.2255603075027466,0.4524138569831848,6.787054538726807,12.577840805053713,1.6779741644859314,0.4524138569831848
127,8,16,1,P,P,S,S_P-P,Мосты через овраги был возведён после окончания военных действий.,Мосты через овраги,был возведён после окончания военных действий.,Мосты через овраги [MASK],Мосты через овраги [MASK] [MASK] после окончания военных действий.,был возведён,FALSE,FALSE,-0.15837889909744263,2.300914764404297,5.9718217849731445,12.609298706054688,2.4592936635017395,2.300914764404297
128,1,17,1,S,S,S,S_S-S,Налог на доход был повышен из-за смены политического курса.,Налог на доход,был повышен из-за смены политического курса.,Налог на доход [MASK],Налог на доход [MASK] [MASK] из-за смены политического курса.,был повышен,TRUE,TRUE,2.5954432487487793,-0.4926093816757202,11.58222484588623,7.057770252227783,3.0880526304244995,2.5954432487487793
130,3,17,1,S,P,S,S_S-P,Налог на доходы был повышен из-за смены политического курса.,Налог на доходы,был повышен из-за смены политического курса.,Налог на доходы [MASK],Налог на доходы [MASK] [MASK] из-за смены политического курса.,был повышен,TRUE,TRUE,2.059551239013672,1.962603449821472,11.845132827758787,7.899425029754639,0.09694778919219993,2.059551239013672
132,5,17,1,P,S,S,S_P-S,Налоги на доход был повышен из-за смены политического курса.,Налоги на доход,был повышен из-за смены политического курса.,Налоги на доход [MASK],Налоги на доход [MASK] [MASK] из-за смены политического курса.,был повышен,FALSE,FALSE,0.8628084063529968,1.767914652824402,7.351776599884033,11.085319519042969,0.9051062464714053,1.767914652824402
134,7,17,1,P,P,S,S_P-P,Налоги на доходы был повышен из-за смены политического курса.,Налоги на доходы,был повышен из-за смены политического курса.,Налоги на доходы [MASK],Налоги на доходы [MASK] [MASK] из-за смены политического курса.,был повышен,FALSE,FALSE,1.4648306369781494,3.136388778686523,6.436692714691162,11.69252586364746,1.6715581417083736,3.136388778686523
137,2,18,1,S,P,S,S_S-P,Нападение на банки было совершено с применением холодного оружия.,Нападение на банки,было совершено с применением холодного оружия.,Нападение на банки [MASK],Нападение на банки [MASK] [MASK] с применением холодного оружия.,было совершено,TRUE,TRUE,2.1190595626831055,-1.690054178237915,13.419781684875488,9.295616149902344,3.8091137409210205,2.1190595626831055
139,4,18,1,P,S,S,S_P-S,Нападения на банк было совершено с применением холодного оружия.,Нападения на банк,было совершено с применением холодного оружия.,Нападения на банк [MASK],Нападения на банк [MASK] [MASK] с применением холодного оружия.,было совершено,FALSE,FALSE,0.7518715858459473,1.44476056098938,7.595894813537598,10.98843002319336,0.6928889751434328,1.44476056098938
141,6,18,1,P,P,S,S_P-P,Нападения на банки было совершено с применением холодного оружия.,Нападения на банки,было совершено с применением холодного оружия.,Нападения на банки [MASK],Нападения на банки [MASK] [MASK] с применением холодного оружия.,было совершено,FALSE,FALSE,0.4880290627479553,1.9769490957260132,7.031148910522461,10.940834999084473,1.4889200329780579,1.9769490957260132
143,8,18,1,S,S,S,S_S-S,Нападение на банк было совершено с применением холодного оружия.,Нападение на банк,было совершено с применением холодного оружия.,Нападение на банк [MASK],Нападение на банк [MASK] [MASK] с применением холодного оружия.,было совершено,TRUE,TRUE,1.6145071983337402,-3.5566368103027344,13.073126792907717,7.310052394866943,5.171144008636475,1.6145071983337402
144,1,19,1,S,P,S,S_S-P,Окно в сады было закрыто из-за сильного холодного ветра.,Окно в сады,было закрыто из-за сильного холодного ветра.,Окно в сады [MASK],Окно в сады [MASK] [MASK] из-за сильного холодного ветра.,было закрыто,TRUE,TRUE,-0.7492476105690002,-1.461032152175903,12.64686107635498,5.96334981918335,0.7117845416069029,-0.7492476105690002
146,3,19,1,P,S,S,S_P-S,Окна в сад было закрыто из-за сильного холодного ветра.,Окна в сад,было закрыто из-за сильного холодного ветра.,Окна в сад [MASK],Окна в сад [MASK] [MASK] из-за сильного холодного ветра.,было закрыто,FALSE,FALSE,9.0724229812622e-4,1.8883789777755735,6.924510478973389,11.318472862243652,1.8874717354774473,1.8883789777755735
148,5,19,1,P,P,S,S_P-P,Окна в сады было закрыто из-за сильного холодного ветра.,Окна в сады,было закрыто из-за сильного холодного ветра.,Окна в сады [MASK],Окна в сады [MASK] [MASK] из-за сильного холодного ветра.,было закрыто,FALSE,FALSE,-0.5476875305175781,1.7485443353652954,6.821046829223633,11.797582626342772,2.2962318658828735,1.7485443353652954
150,7,19,1,S,S,S,S_S-S,Окно в сад было закрыто из-за сильного холодного ветра.,Окно в сад,было закрыто из-за сильного холодного ветра.,Окно в сад [MASK],Окно в сад [MASK] [MASK] из-за сильного холодного ветра.,было закрыто,TRUE,TRUE,0.33136889338493347,-1.993610978126526,12.430182456970217,5.020031452178955,2.3249798715114594,0.33136889338493347
153,2,20,1,P,S,S,S_P-S,Ответы на вопрос был неверным из-за недостаточного знания материала.,Ответы на вопрос,был неверным из-за недостаточного знания материала.,Ответы на вопрос [MASK],Ответы на вопрос [MASK] [MASK] из-за недостаточного знания материала.,был неверным,FALSE,FALSE,0.1321992576122284,1.8685382604599,7.32395601272583,12.004950523376465,1.7363390028476715,1.8685382604599
155,4,20,1,P,P,S,S_P-P,Ответы на вопросы был неверным из-за недостаточного знания материала.,Ответы на вопросы,был неверным из-за недостаточного знания материала.,Ответы на вопросы [MASK],Ответы на вопросы [MASK] [MASK] из-за недостаточного знания материала.,был неверным,FALSE,FALSE,-0.16075164079666138,2.5201430320739746,6.435116291046143,12.31854248046875,2.680894672870636,2.5201430320739746
157,6,20,1,S,S,S,S_S-S,Ответ на вопрос был неверным из-за недостаточного знания материала.,Ответ на вопрос,был неверным из-за недостаточного знания материала.,Ответ на вопрос [MASK],Ответ на вопрос [MASK] [MASK] из-за недостаточного знания материала.,был неверным,TRUE,TRUE,2.4602701663970947,-1.346914291381836,11.898381233215332,6.1896514892578125,3.8071844577789307,2.4602701663970947
159,8,20,1,S,P,S,S_S-P,Ответ на вопросы был неверным из-за недостаточного знания материала.,Ответ на вопросы,был неверным из-за недостаточного знания материала.,Ответ на вопросы [MASK],Ответ на вопросы [MASK] [MASK] из-за недостаточного знания материала.,был неверным,TRUE,TRUE,1.545971155166626,0.09877896308898926,12.182901382446287,7.372915267944336,1.4471921920776367,1.545971155166626
160,1,21,1,P,S,S,S_P-S,Очереди в театр была бесконечной из-за большого наплыва туристов.,Очереди в театр,была бесконечной из-за большого наплыва туристов.,Очереди в театр [MASK],Очереди в театр [MASK] [MASK] из-за большого наплыва туристов.,была бесконечной,FALSE,FALSE,1.190295696258545,2.486701488494873,5.619274139404297,8.851999282836914,1.2964057922363281,2.486701488494873
162,3,21,1,P,P,S,S_P-P,Очереди в театры была бесконечной из-за большого наплыва туристов.,Очереди в театры,была бесконечной из-за большого наплыва туристов.,Очереди в театры [MASK],Очереди в театры [MASK] [MASK] из-за большого наплыва туристов.,была бесконечной,FALSE,FALSE,0.5572333931922913,3.284036159515381,5.0889410972595215,8.910070419311523,2.7268027663230896,3.284036159515381
164,5,21,1,S,S,S,S_S-S,Очередь в театр была бесконечной из-за большого наплыва туристов.,Очередь в театр,была бесконечной из-за большого наплыва туристов.,Очередь в театр [MASK],Очередь в театр [MASK] [MASK] из-за большого наплыва туристов.,была бесконечной,TRUE,TRUE,1.3242952823638916,-1.9719451665878296,10.22321891784668,4.267070293426514,3.296240448951721,1.3242952823638916
166,7,21,1,S,P,S,S_S-P,Очередь в театры была бесконечной из-за большого наплыва туристов.,Очередь в театры,была бесконечной из-за большого наплыва туристов.,Очередь в театры [MASK],Очередь в театры [MASK] [MASK] из-за большого наплыва туристов.,была бесконечной,TRUE,TRUE,1.604499578475952,-0.39607107639312744,9.50987434387207,5.909091472625732,2.0005706548690796,1.604499578475952
169,2,22,1,P,P,S,S_P-P,Переправы через ручьи была опасной из-за тяжёлых погодных условий.,Переправы через ручьи,была опасной из-за тяжёлых погодных условий.,Переправы через ручьи [MASK],Переправы через ручьи [MASK] [MASK] из-за тяжёлых погодных условий.,была опасной,FALSE,FALSE,0.36968427896499634,3.021879196166992,6.131344318389893,11.67679500579834,2.652194917201996,3.021879196166992
171,4,22,1,S,S,S,S_S-S,Переправа через ручей была опасной из-за тяжёлых погодных условий.,Переправа через ручей,была опасной из-за тяжёлых погодных условий.,Переправа через ручей [MASK],Переправа через ручей [MASK] [MASK] из-за тяжёлых погодных условий.,была опасной,TRUE,TRUE,1.859321117401123,-1.4994107484817505,13.49701690673828,5.3142571449279785,3.3587318658828735,1.859321117401123
173,6,22,1,S,P,S,S_S-P,Переправа через ручьи была опасной из-за тяжёлых погодных условий.,Переправа через ручьи,была опасной из-за тяжёлых погодных условий.,Переправа через ручьи [MASK],Переправа через ручьи [MASK] [MASK] из-за тяжёлых погодных условий.,была опасной,TRUE,TRUE,3.1328413486480713,1.4739218950271606,14.048715591430664,6.5045485496521,1.6589194536209106,3.1328413486480713
175,8,22,1,P,S,S,S_P-S,Переправы через ручей была опасной из-за тяжёлых погодных условий.,Переправы через ручей,была опасной из-за тяжёлых погодных условий.,Переправы через ручей [MASK],Переправы через ручей [MASK] [MASK] из-за тяжёлых погодных условий.,была опасной,FALSE,FALSE,-0.9012309908866882,1.68315589427948,5.910471439361572,11.092199325561523,2.584386885166168,1.68315589427948
176,1,23,1,P,P,S,S_P-P,Песни про поезда была грустной для большинства отставных машинистов.,Песни про поезда,была грустной для большинства отставных машинистов.,Песни про поезда [MASK],Песни про поезда [MASK] [MASK] для большинства отставных машинистов.,была грустной,FALSE,FALSE,-1.0734832286834717,1.793793559074402,5.558279514312744,11.897090911865234,2.8672767877578735,1.793793559074402
178,3,23,1,S,S,S,S_S-S,Песня про поезд была грустной для большинства отставных машинистов.,Песня про поезд,была грустной для большинства отставных машинистов.,Песня про поезд [MASK],Песня про поезд [MASK] [MASK] для большинства отставных машинистов.,была грустной,TRUE,TRUE,0.7686585783958435,-2.159874439239502,10.698202133178713,3.8455638885498047,2.9285330176353455,0.7686585783958435
180,5,23,1,S,P,S,S_S-P,Песня про поезда была грустной для большинства отставных машинистов.,Песня про поезда,была грустной для большинства отставных машинистов.,Песня про поезда [MASK],Песня про поезда [MASK] [MASK] для большинства отставных машинистов.,была грустной,TRUE,TRUE,1.2825089693069458,-0.6269850730895996,10.66584014892578,4.092161655426025,1.9094940423965454,1.2825089693069458
182,7,23,1,P,S,S,S_P-S,Песни про поезд была грустной для большинства отставных машинистов.,Песни про поезд,была грустной для большинства отставных машинистов.,Песни про поезд [MASK],Песни про поезд [MASK] [MASK] для большинства отставных машинистов.,была грустной,FALSE,FALSE,-0.17879822850227356,0.7439495325088501,5.94009256362915,11.50400733947754,0.9227477610111237,0.7439495325088501
185,2,24,1,S,S,S,S_S-S,Письмо про поход было отправлено из маленького сибирского посёлка.,Письмо про поход,было отправлено из маленького сибирского посёлка.,Письмо про поход [MASK],Письмо про поход [MASK] [MASK] из маленького сибирского посёлка.,было отправлено,TRUE,TRUE,0.6509150266647339,-1.8242006301879885,7.351776123046875,3.791787624359131,2.475115656852722,0.6509150266647339
187,4,24,1,S,P,S,S_S-P,Письмо про походы было отправлено из маленького сибирского посёлка.,Письмо про походы,было отправлено из маленького сибирского посёлка.,Письмо про походы [MASK],Письмо про походы [MASK] [MASK] из маленького сибирского посёлка.,было отправлено,FALSE,TRUE,-0.6093400716781616,-0.5234779119491577,7.1629109382629395,5.576841354370117,-0.0858621597290039,-0.6093400716781616
189,6,24,1,P,S,S,S_P-S,Письма про поход было отправлено из маленького сибирского посёлка.,Письма про поход,было отправлено из маленького сибирского посёлка.,Письма про поход [MASK],Письма про поход [MASK] [MASK] из маленького сибирского посёлка.,было отправлено,FALSE,FALSE,-0.29902347922325134,-0.02461975812911987,4.26833438873291,5.690986633300781,0.27440372109413147,-0.02461975812911987
191,8,24,1,P,P,S,S_P-P,Письма про походы было отправлено из маленького сибирского посёлка.,Письма про походы,было отправлено из маленького сибирского посёлка.,Письма про походы [MASK],Письма про походы [MASK] [MASK] из маленького сибирского посёлка.,было отправлено,FALSE,FALSE,-1.8116977214813232,0.4545676708221435,2.6325063705444336,6.797811985015869,2.266265392303467,0.4545676708221435
192,1,25,1,S,S,S,S_S-S,План на выходной был разрушен из-за визита назойливых родственников.,План на выходной,был разрушен из-за визита назойливых родственников.,План на выходной [MASK],План на выходной [MASK] [MASK] из-за визита назойливых родственников.,был разрушен,TRUE,TRUE,2.5482242107391357,-2.8052878379821777,12.393176078796388,6.237155437469482,5.3535120487213135,2.5482242107391357
194,3,25,1,S,P,S,S_S-P,План на выходные был разрушен из-за визита назойливых родственников.,План на выходные,был разрушен из-за визита назойливых родственников.,План на выходные [MASK],План на выходные [MASK] [MASK] из-за визита назойливых родственников.,был разрушен,TRUE,TRUE,1.927065372467041,-0.4514462947845459,12.45643138885498,7.220773220062256,2.378511667251587,1.927065372467041
196,5,25,1,P,S,S,S_P-S,Планы на выходной был разрушен из-за визита назойливых родственников.,Планы на выходной,был разрушен из-за визита назойливых родственников.,Планы на выходной [MASK],Планы на выходной [MASK] [MASK] из-за визита назойливых родственников.,был разрушен,TRUE,FALSE,1.1794121265411377,0.7519644498825073,8.619776725769043,11.784564018249512,-0.42744767665863037,0.7519644498825073
198,7,25,1,P,P,S,S_P-P,Планы на выходные был разрушен из-за визита назойливых родственников.,Планы на выходные,был разрушен из-за визита назойливых родственников.,Планы на выходные [MASK],Планы на выходные [MASK] [MASK] из-за визита назойливых родственников.,был разрушен,FALSE,FALSE,-1.6336009502410889,3.215182304382324,7.000445365905762,11.759533882141112,4.848783254623413,3.215182304382324
201,2,26,1,S,P,S,S_S-P,Поездка на острова была незабываемой для молодых влюблённых студентов.,Поездка на острова,была незабываемой для молодых влюблённых студентов.,Поездка на острова [MASK],Поездка на острова [MASK] [MASK] для молодых влюблённых студентов.,была незабываемой,FALSE,TRUE,-1.2229759693145752,-0.5262253284454346,7.41015625,2.6852216720581055,-0.6967506408691406,-1.2229759693145752
203,4,26,1,P,S,S,S_P-S,Поездки на остров была незабываемой для молодых влюблённых студентов.,Поездки на остров,была незабываемой для молодых влюблённых студентов.,Поездки на остров [MASK],Поездки на остров [MASK] [MASK] для молодых влюблённых студентов.,была незабываемой,FALSE,FALSE,-0.2882271707057953,0.7763491868972778,3.747528076171875,6.453736782073975,1.0645763576030731,0.7763491868972778
205,6,26,1,P,P,S,S_P-P,Поездки на острова была незабываемой для молодых влюблённых студентов.,Поездки на острова,была незабываемой для молодых влюблённых студентов.,Поездки на острова [MASK],Поездки на острова [MASK] [MASK] для молодых влюблённых студентов.,была незабываемой,FALSE,FALSE,-3.133802890777588,0.9965208768844604,2.452528953552246,7.475876331329346,4.130323767662048,0.9965208768844604
207,8,26,1,S,S,S,S_S-S,Поездка на остров была незабываемой для молодых влюблённых студентов.,Поездка на остров,была незабываемой для молодых влюблённых студентов.,Поездка на остров [MASK],Поездка на остров [MASK] [MASK] для молодых влюблённых студентов.,была незабываемой,TRUE,TRUE,0.44173309206962585,-2.4916787147521973,6.5761003494262695,0.4750376343727112,2.933411806821823,0.44173309206962585
208,1,27,1,S,P,S,S_S-P,Полет через проливы был запрещён из-за усилившегося северного ветра.,Полет через проливы,был запрещён из-за усилившегося северного ветра.,Полет через проливы [MASK],Полет через проливы [MASK] [MASK] из-за усилившегося северного ветра.,был запрещён,TRUE,TRUE,1.0265775918960571,-0.8157418966293335,12.450039863586426,6.83880090713501,1.8423194885253906,1.0265775918960571
210,3,27,1,P,S,S,S_P-S,Полеты через пролив был запрещён из-за усилившегося северного ветра.,Полеты через пролив,был запрещён из-за усилившегося северного ветра.,Полеты через пролив [MASK],Полеты через пролив [MASK] [MASK] из-за усилившегося северного ветра.,был запрещён,FALSE,FALSE,-0.4839536845684051,0.36367207765579224,7.707779407501221,11.158802032470703,0.8476257622241974,0.36367207765579224
212,5,27,1,P,P,S,S_P-P,Полеты через проливы был запрещён из-за усилившегося северного ветра.,Полеты через проливы,был запрещён из-за усилившегося северного ветра.,Полеты через проливы [MASK],Полеты через проливы [MASK] [MASK] из-за усилившегося северного ветра.,был запрещён,FALSE,FALSE,-2.289758682250977,1.5023349523544312,6.445499897003174,11.699014663696287,3.792093634605408,1.5023349523544312
214,7,27,1,S,S,S,S_S-S,Полет через пролив был запрещён из-за усилившегося северного ветра.,Полет через пролив,был запрещён из-за усилившегося северного ветра.,Полет через пролив [MASK],Полет через пролив [MASK] [MASK] из-за усилившегося северного ветра.,был запрещён,TRUE,TRUE,2.0399107933044434,-3.046567440032959,12.066286087036133,5.374039173126221,5.086478233337402,2.0399107933044434
217,2,28,1,P,S,S,S_P-S,Прогулки через парк была приятной для ценителей ландшафтного дизайна.,Прогулки через парк,была приятной для ценителей ландшафтного дизайна.,Прогулки через парк [MASK],Прогулки через парк [MASK] [MASK] для ценителей ландшафтного дизайна.,была приятной,FALSE,FALSE,-1.056708812713623,0.35402536392211914,3.5098447799682617,7.668917179107666,1.4107341766357422,0.35402536392211914
219,4,28,1,P,P,S,S_P-P,Прогулки через парки была приятной для ценителей ландшафтного дизайна.,Прогулки через парки,была приятной для ценителей ландшафтного дизайна.,Прогулки через парки [MASK],Прогулки через парки [MASK] [MASK] для ценителей ландшафтного дизайна.,была приятной,FALSE,FALSE,0.17383143305778503,2.2320971488952637,2.103407621383667,7.856682300567627,2.0582657158374786,2.2320971488952637
221,6,28,1,S,S,S,S_S-S,Прогулка через парк была приятной для ценителей ландшафтного дизайна.,Прогулка через парк,была приятной для ценителей ландшафтного дизайна.,Прогулка через парк [MASK],Прогулка через парк [MASK] [MASK] для ценителей ландшафтного дизайна.,была приятной,TRUE,TRUE,-0.913947582244873,-3.05538272857666,7.867611885070801,1.2509809732437134,2.141435146331787,-0.913947582244873
223,8,28,1,S,P,S,S_S-P,Прогулка через парки была приятной для ценителей ландшафтного дизайна.,Прогулка через парки,была приятной для ценителей ландшафтного дизайна.,Прогулка через парки [MASK],Прогулка через парки [MASK] [MASK] для ценителей ландшафтного дизайна.,была приятной,TRUE,TRUE,0.13944345712661743,-0.07451009750366211,7.984569549560547,3.6632113456726074,0.21395355463027954,0.13944345712661743
224,1,29,1,P,S,S,S_P-S,Прыжки через костер был рискованным для обладателей коротких ног.,Прыжки через костер,был рискованным для обладателей коротких ног.,Прыжки через костер [MASK],Прыжки через костер [MASK] [MASK] для обладателей коротких ног.,был рискованным,FALSE,FALSE,-2.433443307876587,-1.9882992506027224,4.688298225402832,9.300981521606444,0.4451440572738645,-1.9882992506027224
226,3,29,1,P,P,S,S_P-P,Прыжки через костры был рискованным для обладателей коротких ног.,Прыжки через костры,был рискованным для обладателей коротких ног.,Прыжки через костры [MASK],Прыжки через костры [MASK] [MASK] для обладателей коротких ног.,был рискованным,FALSE,FALSE,-2.3223137855529785,-0.9577072858810424,3.668098211288452,9.149222373962402,1.364606499671936,-0.9577072858810424
228,5,29,1,S,S,S,S_S-S,Прыжок через костер был рискованным для обладателей коротких ног.,Прыжок через костер,был рискованным для обладателей коротких ног.,Прыжок через костер [MASK],Прыжок через костер [MASK] [MASK] для обладателей коротких ног.,был рискованным,TRUE,TRUE,-0.9243744611740112,-4.689514636993408,8.751225471496582,2.7019777297973633,3.765140175819397,-0.9243744611740112
230,7,29,1,S,P,S,S_S-P,Прыжок через костры был рискованным для обладателей коротких ног.,Прыжок через костры,был рискованным для обладателей коротких ног.,Прыжок через костры [MASK],Прыжок через костры [MASK] [MASK] для обладателей коротких ног.,был рискованным,TRUE,TRUE,-1.3623682260513306,-3.2124781608581543,8.457998275756836,3.770102024078369,1.8501099348068237,-1.3623682260513306
233,2,30,1,P,P,S,S_P-P,Путешествия на курорты было приятным для членов большой семьи.,Путешествия на курорты,было приятным для членов большой семьи.,Путешествия на курорты [MASK],Путешествия на курорты [MASK] [MASK] для членов большой семьи.,было приятным,FALSE,FALSE,-2.8284683227539063,-0.99528169631958,2.298502206802368,7.979067325592041,1.8331866264343262,-0.99528169631958
235,4,30,1,S,S,S,S_S-S,Путешествие на курорт было приятным для членов большой семьи.,Путешествие на курорт,было приятным для членов большой семьи.,Путешествие на курорт [MASK],Путешествие на курорт [MASK] [MASK] для членов большой семьи.,было приятным,TRUE,TRUE,-0.7689718008041382,-4.74195671081543,8.808419227600098,2.6501259803771973,3.9729849100112915,-0.7689718008041382
237,6,30,1,S,P,S,S_S-P,Путешествие на курорты было приятным для членов большой семьи.,Путешествие на курорты,было приятным для членов большой семьи.,Путешествие на курорты [MASK],Путешествие на курорты [MASK] [MASK] для членов большой семьи.,было приятным,TRUE,TRUE,-1.3528804779052734,-1.8966163396835327,7.200572490692139,3.4228248596191406,0.5437358617782593,-1.3528804779052734
239,8,30,1,P,S,S,S_P-S,Путешествия на курорт было приятным для членов большой семьи.,Путешествия на курорт,было приятным для членов большой семьи.,Путешествия на курорт [MASK],Путешествия на курорт [MASK] [MASK] для членов большой семьи.,было приятным,TRUE,FALSE,-1.031285285949707,-1.0545378923416138,5.414659023284912,9.907451629638672,-0.02325260639190674,-1.0545378923416138
240,1,31,1,P,P,S,S_P-P,Рецепты на порошки был мятым из-за частого предъявления аптекарям.,Рецепты на порошки,был мятым из-за частого предъявления аптекарям.,Рецепты на порошки [MASK],Рецепты на порошки [MASK] [MASK] из-за частого предъявления аптекарям.,был мятым,FALSE,FALSE,-0.3763617277145386,1.4713079929351809,4.973492622375488,9.92513656616211,1.8476697206497195,1.4713079929351809
242,3,31,1,S,S,S,S_S-S,Рецепт на порошок был мятым из-за частого предъявления аптекарям.,Рецепт на порошок,был мятым из-за частого предъявления аптекарям.,Рецепт на порошок [MASK],Рецепт на порошок [MASK] [MASK] из-за частого предъявления аптекарям.,был мятым,TRUE,TRUE,0.00711634755134582,-2.281022548675537,9.822759628295898,3.8097777366638184,2.288138896226883,0.00711634755134582
244,5,31,1,S,P,S,S_S-P,Рецепт на порошки был мятым из-за частого предъявления аптекарям.,Рецепт на порошки,был мятым из-за частого предъявления аптекарям.,Рецепт на порошки [MASK],Рецепт на порошки [MASK] [MASK] из-за частого предъявления аптекарям.,был мятым,TRUE,TRUE,-0.01861295104026794,-0.7107244729995728,9.86556339263916,4.924167156219482,0.6921115219593048,-0.01861295104026794
246,7,31,1,P,S,S,S_P-S,Рецепты на порошок был мятым из-за частого предъявления аптекарям.,Рецепты на порошок,был мятым из-за частого предъявления аптекарям.,Рецепты на порошок [MASK],Рецепты на порошок [MASK] [MASK] из-за частого предъявления аптекарям.,был мятым,FALSE,FALSE,-0.5987812876701355,1.0727227926254272,4.947874069213867,9.628225326538086,1.6715040802955627,1.0727227926254272
249,2,32,1,S,S,S,S_S-S,Ссылка на сайт была дана в списке источников статьи.,Ссылка на сайт,была дана в списке источников статьи.,Ссылка на сайт [MASK],Ссылка на сайт [MASK] [MASK] в списке источников статьи.,была дана,TRUE,TRUE,-4.227904796600342,-5.5404181480407715,3.937376737594605,0.2779439687728882,1.3125133514404297,-4.227904796600342
251,4,32,1,S,P,S,S_S-P,Ссылка на сайты была дана в списке источников статьи.,Ссылка на сайты,была дана в списке источников статьи.,Ссылка на сайты [MASK],Ссылка на сайты [MASK] [MASK] в списке источников статьи.,была дана,FALSE,FALSE,-2.347381591796875,-1.0765823125839231,5.009542942047119,6.405955791473389,-1.2707992792129519,-2.347381591796875
253,6,32,1,P,S,S,S_P-S,Ссылки на сайт была дана в списке источников статьи.,Ссылки на сайт,была дана в списке источников статьи.,Ссылки на сайт [MASK],Ссылки на сайт [MASK] [MASK] в списке источников статьи.,была дана,FALSE,FALSE,-4.880542755126953,-4.427261829376221,1.3615039587020874,4.406981945037842,0.4532809257507324,-4.427261829376221
255,8,32,1,P,P,S,S_P-P,Ссылки на сайты была дана в списке источников статьи.,Ссылки на сайты,была дана в списке источников статьи.,Ссылки на сайты [MASK],Ссылки на сайты [MASK] [MASK] в списке источников статьи.,была дана,FALSE,FALSE,-2.443394422531128,-0.7069379091262817,2.5748934745788574,7.2673845291137695,1.7364565134048462,-0.7069379091262817
256,1,33,2,S,S,S,S_S-S,Аргумент против обвинения был сокрушительным для адвоката пострадавшей стороны.,Аргумент против обвинения,был сокрушительным для адвоката пострадавшей стороны.,Аргумент против обвинения [MASK],Аргумент против обвинения [MASK] [MASK] для адвоката пострадавшей стороны.,был сокрушительным,TRUE,TRUE,-0.18881133198738095,-2.3242340087890625,10.15726089477539,3.3463101387023926,2.1354226768016815,-0.18881133198738095
258,3,33,2,S,P,S,S_S-P,Аргумент против обвинений был сокрушительным для адвоката пострадавшей стороны.,Аргумент против обвинений,был сокрушительным для адвоката пострадавшей стороны.,Аргумент против обвинений [MASK],Аргумент против обвинений [MASK] [MASK] для адвоката пострадавшей стороны.,был сокрушительным,TRUE,TRUE,-0.20974662899971008,-2.094866991043091,10.242741584777832,3.7566962242126465,1.8851203620433807,-0.20974662899971008
260,5,33,2,P,S,S,S_P-S,Аргументы против обвинения был сокрушительным для адвоката пострадавшей стороны.,Аргументы против обвинения,был сокрушительным для адвоката пострадавшей стороны.,Аргументы против обвинения [MASK],Аргументы против обвинения [MASK] [MASK] для адвоката пострадавшей стороны.,был сокрушительным,FALSE,FALSE,-0.37016427516937256,2.5819005966186523,5.291266441345215,11.122456550598145,2.952064871788025,2.5819005966186523
262,7,33,2,P,P,S,S_P-P,Аргументы против обвинений был сокрушительным для адвоката пострадавшей стороны.,Аргументы против обвинений,был сокрушительным для адвоката пострадавшей стороны.,Аргументы против обвинений [MASK],Аргументы против обвинений [MASK] [MASK] для адвоката пострадавшей стороны.,был сокрушительным,FALSE,FALSE,-0.03913038969039917,2.2134413719177246,5.043391704559326,11.08392333984375,2.252571761608124,2.2134413719177246
265,2,34,2,S,P,S,S_S-P,Видеозапись с лекций была содержательной для пропустивших занятия студентов.,Видеозапись с лекций,была содержательной для пропустивших занятия студентов.,Видеозапись с лекций [MASK],Видеозапись с лекций [MASK] [MASK] для пропустивших занятия студентов.,была содержательной,TRUE,TRUE,1.658884048461914,-0.05457961559295654,11.108457565307615,6.509545803070068,1.7134636640548706,1.658884048461914
267,4,34,2,P,S,S,S_P-S,Видеозаписи с лекции была содержательной для пропустивших занятия студентов.,Видеозаписи с лекции,была содержательной для пропустивших занятия студентов.,Видеозаписи с лекции [MASK],Видеозаписи с лекции [MASK] [MASK] для пропустивших занятия студентов.,была содержательной,FALSE,FALSE,-0.6939058899879456,2.612367630004883,6.7998881340026855,12.291955947875977,3.3062735199928284,2.612367630004883
269,6,34,2,P,P,S,S_P-P,Видеозаписи с лекций была содержательной для пропустивших занятия студентов.,Видеозаписи с лекций,была содержательной для пропустивших занятия студентов.,Видеозаписи с лекций [MASK],Видеозаписи с лекций [MASK] [MASK] для пропустивших занятия студентов.,была содержательной,FALSE,FALSE,-0.3674214482307434,2.252592086791992,6.004230976104736,11.760809898376465,2.6200135350227356,2.252592086791992
271,8,34,2,S,S,S,S_S-S,Видеозапись с лекции  была содержательной для пропустивших занятия студентов.,Видеозапись с лекции,была содержательной для пропустивших занятия студентов.,Видеозапись с лекции [MASK],Видеозапись с лекции [MASK] [MASK] содержательной для пропустивших занятия студентов.,была содержательной,TRUE,TRUE,1.8783469200134275,-1.5103379487991333,9.438154220581056,4.21665620803833,3.388684868812561,1.8783469200134275
272,1,35,2,S,P,S,S_S-P,Вывод из поражений был верным из-за тщательного анализа ситуации.,Вывод из поражений,был верным из-за тщательного анализа ситуации.,Вывод из поражений [MASK],Вывод из поражений [MASK] [MASK] из-за тщательного анализа ситуации.,был верным,TRUE,TRUE,0.1474606692790985,-2.3029239177703857,11.64750862121582,6.683182716369629,2.4503845870494843,0.1474606692790985
274,3,35,2,P,S,S,S_P-S,Выводы из поражения был верным из-за тщательного анализа ситуации.,Выводы из поражения,был верным из-за тщательного анализа ситуации.,Выводы из поражения [MASK],Выводы из поражения [MASK] [MASK] из-за тщательного анализа ситуации.,был верным,FALSE,FALSE,-0.39964690804481506,1.7456039190292358,7.26302433013916,12.176151275634766,2.145250827074051,1.7456039190292358
276,5,35,2,P,P,S,S_P-P,Выводы из поражений был верным из-за тщательного анализа ситуации.,Выводы из поражений,был верным из-за тщательного анализа ситуации.,Выводы из поражений [MASK],Выводы из поражений [MASK] [MASK] из-за тщательного анализа ситуации.,был верным,FALSE,FALSE,-0.522298276424408,0.6609489917755127,6.7985310554504395,11.694671630859377,1.1832472681999207,0.6609489917755127
278,7,35,2,S,S,S,S_S-S,Вывод из поражения  был верным из-за тщательного анализа ситуации.,Вывод из поражения,был верным из-за тщательного анализа ситуации.,Вывод из поражения [MASK],Вывод из поражения [MASK] [MASK] верным из-за тщательного анализа ситуации.,был верным,TRUE,TRUE,0.6376488208770752,-2.051759958267212,10.677173614501951,4.613117694854736,2.689408779144287,0.6376488208770752
281,2,36,2,P,S,S,S_P-S,Выдержки из книги была краткой для упрощения процесса запоминания.,Выдержки из книги,была краткой для упрощения процесса запоминания.,Выдержки из книги [MASK],Выдержки из книги [MASK] [MASK] для упрощения процесса запоминания.,была краткой,FALSE,FALSE,-0.8003326058387756,1.2687333822250366,2.9403538703918457,8.888822555541992,2.0690659880638123,1.2687333822250366
283,4,36,2,P,P,S,S_P-P,Выдержки из книг была краткой для упрощения процесса запоминания.,Выдержки из книг,была краткой для упрощения процесса запоминания.,Выдержки из книг [MASK],Выдержки из книг [MASK] [MASK] для упрощения процесса запоминания.,была краткой,FALSE,FALSE,-1.633815050125122,0.7285219430923462,3.3028712272644043,8.836885452270508,2.3623369932174683,0.7285219430923462
285,6,36,2,S,S,S,S_S-S,Выдержка из книги была краткой для упрощения процесса запоминания.,Выдержка из книги,была краткой для упрощения процесса запоминания.,Выдержка из книги [MASK],Выдержка из книги [MASK] [MASK] для упрощения процесса запоминания.,была краткой,TRUE,TRUE,-0.9597007632255554,-1.7248355150222778,8.950723648071289,2.935998916625977,0.7651347517967224,-0.9597007632255554
287,8,36,2,S,P,S,S_S-P,Выдержка из книг была краткой для упрощения процесса запоминания.,Выдержка из книг,была краткой для упрощения процесса запоминания.,Выдержка из книг [MASK],Выдержка из книг [MASK] [MASK] для упрощения процесса запоминания.,была краткой,FALSE,TRUE,-1.8006564378738403,-0.984416663646698,8.630777359008789,4.846728324890137,-0.8162397742271423,-1.8006564378738403
288,1,37,2,P,S,S,S_P-S,Выписки из программы была сделана во время затянувшегося заседания.,Выписки из программы,была сделана во время затянувшегося заседания.,Выписки из программы [MASK],Выписки из программы [MASK] [MASK] во время затянувшегося заседания.,была сделана,FALSE,FALSE,0.4377719163894654,3.3191728591918945,8.09415340423584,12.904017448425291,2.881400942802429,3.3191728591918945
290,3,37,2,P,P,S,S_P-P,Выписки из программ была сделана во время затянувшегося заседания.,Выписки из программ,была сделана во время затянувшегося заседания.,Выписки из программ [MASK],Выписки из программ [MASK] [MASK] во время затянувшегося заседания.,была сделана,FALSE,FALSE,1.3042640686035156,3.531705856323242,7.375070095062256,12.870827674865724,2.2274417877197266,3.531705856323242
292,5,37,2,S,S,S,S_S-S,Выписка из программы была сделана во время затянувшегося заседания.,Выписка из программы,была сделана во время затянувшегося заседания.,Выписка из программы [MASK],Выписка из программы [MASK] [MASK] во время затянувшегося заседания.,была сделана,TRUE,TRUE,1.2844371795654297,-0.7633601427078247,12.881507873535156,7.605330467224121,2.0477973222732544,1.2844371795654297
294,7,37,2,S,P,S,S_S-P,Выписка из программ была сделана во время затянувшегося заседания.,Выписка из программ,была сделана во время затянувшегося заседания.,Выписка из программ [MASK],Выписка из программ [MASK] [MASK] во время затянувшегося заседания.,была сделана,TRUE,TRUE,1.5176379680633545,1.1800951957702637,13.085308074951172,8.922311782836914,0.3375427722930908,1.5176379680633545
297,2,38,2,P,P,S,S_P-P,Выходы из ситуаций был очевидным для опытного школьного психолога.,Выходы из ситуаций,был очевидным для опытного школьного психолога.,Выходы из ситуаций [MASK],Выходы из ситуаций [MASK] [MASK] для опытного школьного психолога.,был очевидным,FALSE,FALSE,-0.3191867470741272,2.1907176971435547,2.334630966186523,7.3842573165893555,2.509904444217682,2.1907176971435547
299,4,38,2,S,S,S,S_S-S,Выход из ситуации  был очевидным для опытного школьного психолога.,Выход из ситуации,был очевидным для опытного школьного психолога.,Выход из ситуации [MASK],Выход из ситуации [MASK] [MASK] очевидным для опытного школьного психолога.,был очевидным,TRUE,TRUE,3.0492868423461914,-1.504962682723999,9.70340061187744,1.939133048057556,4.55424952507019,3.0492868423461914
301,6,38,2,S,P,S,S_S-P,Выход из ситуаций был очевидным для опытного школьного психолога.,Выход из ситуаций,был очевидным для опытного школьного психолога.,Выход из ситуаций [MASK],Выход из ситуаций [MASK] [MASK] для опытного школьного психолога.,был очевидным,TRUE,TRUE,1.1685692071914673,-1.5520272254943848,7.180256366729736,2.1096835136413574,2.720596432685852,1.1685692071914673
303,8,38,2,P,S,S,S_P-S,Выходы из ситуации был очевидным для опытного школьного психолога.,Выходы из ситуации,был очевидным для опытного школьного психолога.,Выходы из ситуации [MASK],Выходы из ситуации [MASK] [MASK] для опытного школьного психолога.,был очевидным,FALSE,FALSE,0.8331004977226257,3.5362887382507324,2.915581226348877,8.019749641418457,2.7031882405281067,3.5362887382507324
304,1,39,2,P,P,S,S_P-P,Доски для афиш была прибита к ограде маленького театра.,Доски для афиш,была прибита к ограде маленького театра.,Доски для афиш [MASK],Доски для афиш [MASK] [MASK] к ограде маленького театра.,была прибита,FALSE,FALSE,0.3655325770378113,2.244445323944092,5.434001922607422,10.065670013427734,1.8789127469062805,2.244445323944092
306,3,39,2,S,S,S,S_S-S,Доска для афиши была прибита к ограде маленького театра.,Доска для афиши,была прибита к ограде маленького театра.,Доска для афиши [MASK],Доска для афиши [MASK] [MASK] к ограде маленького театра.,была прибита,TRUE,TRUE,1.622414231300354,-1.36474871635437,10.891986846923828,4.576047897338867,2.987162947654724,1.622414231300354
308,5,39,2,S,P,S,S_S-P,Доска для афиш была прибита к ограде маленького театра.,Доска для афиш,была прибита к ограде маленького театра.,Доска для афиш [MASK],Доска для афиш [MASK] [MASK] к ограде маленького театра.,была прибита,TRUE,TRUE,0.9669482111930848,-0.671392560005188,9.91495132446289,4.465717792510986,1.6383407711982727,0.9669482111930848
310,7,39,2,P,S,S,S_P-S,Доски для афиши была прибита к ограде маленького театра.,Доски для афиши,была прибита к ограде маленького театра.,Доски для афиши [MASK],Доски для афиши [MASK] [MASK] к ограде маленького театра.,была прибита,FALSE,FALSE,0.6336801648139954,2.579747200012207,5.767221450805664,10.878868103027344,1.9460670351982117,2.579747200012207
313,2,40,2,S,S,S,S_S-S,Задержка из-за наводнения была пугающей из-за отсутствия достоверной информации.,Задержка из-за наводнения,была пугающей из-за отсутствия достоверной информации.,Задержка из-за наводнения [MASK],Задержка из-за наводнения [MASK] [MASK] из-за отсутствия достоверной информации.,была пугающей,TRUE,TRUE,5.264426231384277,-1.615108847618103,13.128128051757813,5.729690074920654,6.87953507900238,5.264426231384277
315,4,40,2,S,P,S,S_S-P,Задержка из-за наводнений была пугающей из-за отсутствия достоверной информации.,Задержка из-за наводнений,была пугающей из-за отсутствия достоверной информации.,Задержка из-за наводнений [MASK],Задержка из-за наводнений [MASK] [MASK] из-за отсутствия достоверной информации.,была пугающей,TRUE,TRUE,5.623329162597656,-1.1843410730361938,12.946292877197266,6.1045732498168945,6.80767023563385,5.623329162597656
317,6,40,2,P,S,S,S_P-S,Задержки из-за наводнения была пугающей из-за отсутствия достоверной информации.,Задержки из-за наводнения,была пугающей из-за отсутствия достоверной информации.,Задержки из-за наводнения [MASK],Задержки из-за наводнения [MASK] [MASK] из-за отсутствия достоверной информации.,была пугающей,FALSE,FALSE,1.5460009574890137,5.676010608673096,6.9111223220825195,12.378661155700684,4.130009651184082,5.676010608673096
319,8,40,2,P,P,S,S_P-P,Задержки из-за наводнений была пугающей из-за отсутствия достоверной информации.,Задержки из-за наводнений,была пугающей из-за отсутствия достоверной информации.,Задержки из-за наводнений [MASK],Задержки из-за наводнений [MASK] [MASK] из-за отсутствия достоверной информации.,была пугающей,FALSE,FALSE,2.036559581756592,6.598061561584473,6.687413215637207,12.21849250793457,4.561501979827881,6.598061561584473
320,1,41,2,S,S,S,S_S-S,Зал для заседания был громадным по масштабам небольшого городка.,Зал для заседания,был громадным по масштабам небольшого городка.,Зал для заседания [MASK],Зал для заседания [MASK] [MASK] по масштабам небольшого городка.,был громадным,TRUE,TRUE,3.232027053833008,0.6527217626571655,9.0030975341796875,2.209585189819336,2.5793052911758423,3.232027053833008
322,3,41,2,S,P,S,S_S-P,Зал для заседаний был громадным по масштабам небольшого городка.,Зал для заседаний,был громадным по масштабам небольшого городка.,Зал для заседаний [MASK],Зал для заседаний [MASK] [MASK] по масштабам небольшого городка.,был громадным,TRUE,TRUE,2.4560611248016357,0.5512833595275879,8.91862964630127,1.954140543937683,1.9047777652740479,2.4560611248016357
324,5,41,2,P,S,S,S_P-S,Залы для заседания был громадным по масштабам небольшого городка.,Залы для заседания,был громадным по масштабам небольшого городка.,Залы для заседания [MASK],Залы для заседания [MASK] [MASK] по масштабам небольшого городка.,был громадным,FALSE,FALSE,0.814642608165741,4.430897235870361,4.142170429229736,8.929622650146484,3.6162546277046204,4.430897235870361
326,7,41,2,P,P,S,S_P-P,Залы для заседаний был громадным по масштабам небольшого городка.,Залы для заседаний,был громадным по масштабам небольшого городка.,Залы для заседаний [MASK],Залы для заседаний [MASK] [MASK] по масштабам небольшого городка.,был громадным,FALSE,FALSE,1.031883955001831,4.254831790924072,3.5332562923431396,8.715291976928711,3.222947835922241,4.254831790924072
329,2,42,2,S,P,S,S_S-P,Запчасть для иномарок была старой по меркам современного автовладельца.,Запчасть для иномарок,была старой по меркам современного автовладельца.,Запчасть для иномарок [MASK],Запчасть для иномарок [MASK] [MASK] по меркам современного автовладельца.,была старой,TRUE,TRUE,2.147533416748047,0.31080150604248047,7.451515197753906,2.5952320098876953,1.8367319107055664,2.147533416748047
331,4,42,2,P,S,S,S_P-S,Запчасти для иномарки была старой по меркам современного автовладельца.,Запчасти для иномарки,была старой по меркам современного автовладельца.,Запчасти для иномарки [MASK],Запчасти для иномарки [MASK] [MASK] по меркам современного автовладельца.,была старой,FALSE,FALSE,1.5954022407531738,3.124173641204834,3.262364625930786,8.416848182678223,1.5287714004516602,3.124173641204834
333,6,42,2,P,P,S,S_P-P,Запчасти для иномарок была старой по меркам современного автовладельца.,Запчасти для иномарок,была старой по меркам современного автовладельца.,Запчасти для иномарок [MASK],Запчасти для иномарок [MASK] [MASK] по меркам современного автовладельца.,была старой,FALSE,FALSE,1.281172513961792,3.0355324745178223,2.3413844108581543,7.78779935836792,1.7543599605560303,3.0355324745178223
335,8,42,2,S,S,S,S_S-S,Запчасть для иномарки была старой по меркам современного автовладельца.,Запчасть для иномарки,была старой по меркам современного автовладельца.,Запчасть для иномарки [MASK],Запчасть для иномарки [MASK] [MASK] по меркам современного автовладельца.,была старой,TRUE,TRUE,1.0070040225982666,-1.6265382766723633,7.971674919128418,2.020565986633301,2.63354229927063,1.0070040225982666
336,1,43,2,S,P,S,S_S-P,Исключение из правил было выписано на аккуратно свернутую шпаргалку.,Исключение из правил,было выписано на аккуратно свернутую шпаргалку.,Исключение из правил [MASK],Исключение из правил [MASK] [MASK] на аккуратно свернутую шпаргалку.,было выписано,TRUE,TRUE,6.579218864440918,2.357541084289551,9.322213172912598,3.392250061035156,4.221677780151367,6.579218864440918
338,3,43,2,P,S,S,S_P-S,Исключения из правила было выписано на аккуратно свернутую шпаргалку.,Исключения из правила,было выписано на аккуратно свернутую шпаргалку.,Исключения из правила [MASK],Исключения из правила [MASK] [MASK] на аккуратно свернутую шпаргалку.,было выписано,FALSE,FALSE,1.816011905670166,4.924122333526611,5.304792881011963,8.16080379486084,3.1081104278564453,4.924122333526611
340,5,43,2,P,P,S,S_P-P,Исключения из правил было выписано на аккуратно свернутую шпаргалку.,Исключения из правил,было выписано на аккуратно свернутую шпаргалку.,Исключения из правил [MASK],Исключения из правил [MASK] [MASK] на аккуратно свернутую шпаргалку.,было выписано,FALSE,FALSE,1.7156915664672852,4.582536220550537,5.735535621643066,8.7390899658203125,2.866844654083252,4.582536220550537
342,7,43,2,S,S,S,S_S-S,Исключение из правила было выписано на аккуратно свернутую шпаргалку.,Исключение из правила,было выписано на аккуратно свернутую шпаргалку.,Исключение из правила [MASK],Исключение из правила [MASK] [MASK] на аккуратно свернутую шпаргалку.,было выписано,TRUE,TRUE,6.478120803833008,2.0637197494506836,9.233683586120604,2.603890895843506,4.414401054382324,6.478120803833008
345,2,44,2,P,S,S,S_P-S,Истерики из-за оценки была бурной по мнению родителей девочки.,Истерики из-за оценки,была бурной по мнению родителей девочки.,Истерики из-за оценки [MASK],Истерики из-за оценки [MASK] [MASK] по мнению родителей девочки.,была бурной,FALSE,FALSE,2.2843503952026367,2.853257656097412,5.783039093017578,6.950679779052734,0.5689072608947754,2.853257656097412
347,4,44,2,P,P,S,S_P-P,Истерики из-за оценок была бурной по мнению родителей девочки.,Истерики из-за оценок,была бурной по мнению родителей девочки.,Истерики из-за оценок [MASK],Истерики из-за оценок [MASK] [MASK] по мнению родителей девочки.,была бурной,FALSE,FALSE,2.576143741607666,3.793822765350342,5.31785249710083,9.01579475402832,1.2176790237426758,3.793822765350342
349,6,44,2,S,S,S,S_S-S,Истерика из-за оценки была бурной по мнению родителей девочки.,Истерика из-за оценки,была бурной по мнению родителей девочки.,Истерика из-за оценки [MASK],Истерика из-за оценки [MASK] [MASK] по мнению родителей девочки.,была бурной,TRUE,TRUE,3.3354434967041016,1.7552059888839722,5.773560523986816,3.9063897132873535,1.5802375078201294,3.3354434967041016
351,8,44,2,S,P,S,S_S-P,Истерика из-за оценок была бурной по мнению родителей девочки.,Истерика из-за оценок,была бурной по мнению родителей девочки.,Истерика из-за оценок [MASK],Истерика из-за оценок [MASK] [MASK] по мнению родителей девочки.,была бурной,TRUE,TRUE,3.754061460494995,2.220539093017578,7.23383903503418,5.997355937957764,1.533522367477417,3.754061460494995
352,1,45,2,P,S,S,S_P-S,Камни для ограды был завезен с лучшей итальянской каменоломни.,Камни для ограды,был завезен с лучшей итальянской каменоломни.,Камни для ограды [MASK],Камни для ограды [MASK] [MASK] с лучшей итальянской каменоломни.,был завезен,FALSE,FALSE,0.3500608205795288,1.6077901124954224,5.806534767150879,10.932432174682615,1.2577292919158936,1.6077901124954224
354,3,45,2,P,P,S,S_P-P,Камни для оград был завезен с лучшей итальянской каменоломни.,Камни для оград,был завезен с лучшей итальянской каменоломни.,Камни для оград [MASK],Камни для оград [MASK] [MASK] с лучшей итальянской каменоломни.,был завезен,FALSE,FALSE,-0.00158894062042236,2.1287455558776855,5.952415943145752,10.965405464172363,2.130334496498108,2.1287455558776855
356,5,45,2,S,S,S,S_S-S,Камень для ограды  был завезен с лучшей итальянской каменоломни.,Камень для ограды,был завезен с лучшей итальянской каменоломни.,Камень для ограды [MASK],Камень для ограды [MASK] [MASK] завезен с лучшей итальянской каменоломни.,был завезен,TRUE,TRUE,0.8484033346176147,-1.6931458711624146,9.008382797241213,3.805884838104248,2.5415492057800293,0.8484033346176147
358,7,45,2,S,P,S,S_S-P,Камень для оград был завезен с лучшей итальянской каменоломни.,Камень для оград,был завезен с лучшей итальянской каменоломни.,Камень для оград [MASK],Камень для оград [MASK] [MASK] с лучшей итальянской каменоломни.,был завезен,TRUE,TRUE,1.7070081233978271,-1.4036954641342163,10.662042617797852,6.434574604034424,3.1107035875320435,1.7070081233978271
361,2,46,2,P,P,S,S_P-P,Кирпичи для дач был привезен со склада бракованной продукции.,Кирпичи для дач,был привезен со склада бракованной продукции.,Кирпичи для дач [MASK],Кирпичи для дач [MASK] [MASK] со склада бракованной продукции.,был привезен,FALSE,FALSE,0.29205840826034546,2.7651424407958984,6.8287200927734375,10.787129402160645,2.473084032535553,2.7651424407958984
363,4,46,2,S,S,S,S_S-S,Кирпич для дачи был привезен со склада бракованной продукции.,Кирпич для дачи,был привезен со склада бракованной продукции.,Кирпич для дачи [MASK],Кирпич для дачи [MASK] [MASK] со склада бракованной продукции.,был привезен,TRUE,TRUE,0.9006220102310181,-1.3960556983947754,10.361611366271973,6.638462543487549,2.2966777086257935,0.9006220102310181
365,6,46,2,S,P,S,S_S-P,Кирпич для дач был привезен со склада бракованной продукции.,Кирпич для дач,был привезен со склада бракованной продукции.,Кирпич для дач [MASK],Кирпич для дач [MASK] [MASK] со склада бракованной продукции.,был привезен,TRUE,TRUE,3.447007179260254,0.10927876830101012,11.09416675567627,6.380625247955322,3.3377284109592438,3.447007179260254
367,8,46,2,P,S,S,S_P-S,Кирпичи для дачи был привезен со склада бракованной продукции.,Кирпичи для дачи,был привезен со склада бракованной продукции.,Кирпичи для дачи [MASK],Кирпичи для дачи [MASK] [MASK] со склада бракованной продукции.,был привезен,FALSE,FALSE,-0.3741150498390198,0.960350751876831,6.728158950805664,10.890303611755373,1.3344658017158508,0.960350751876831
368,1,47,2,P,P,S,S_P-P,Ключи от шкатулок был ржавым из-за высокой влажности воздуха.,Ключи от шкатулок,был ржавым из-за высокой влажности воздуха.,Ключи от шкатулок [MASK],Ключи от шкатулок [MASK] [MASK] из-за высокой влажности воздуха.,был ржавым,FALSE,FALSE,-2.027675151824951,-0.7055627107620239,5.076514720916748,9.92487621307373,1.3221124410629272,-0.7055627107620239
370,3,47,2,S,S,S,S_S-S,Ключ от шкатулки был ржавым из-за высокой влажности воздуха.,Ключ от шкатулки,был ржавым из-за высокой влажности воздуха.,Ключ от шкатулки [MASK],Ключ от шкатулки [MASK] [MASK] из-за высокой влажности воздуха.,был ржавым,TRUE,TRUE,-1.076628804206848,-3.3365535736083984,9.396183013916016,3.77815055847168,2.2599247694015503,-1.076628804206848
372,5,47,2,S,P,S,S_S-P,Ключ от шкатулок был ржавым из-за высокой влажности воздуха.,Ключ от шкатулок,был ржавым из-за высокой влажности воздуха.,Ключ от шкатулок [MASK],Ключ от шкатулок [MASK] [MASK] из-за высокой влажности воздуха.,был ржавым,TRUE,TRUE,-0.6817641258239746,-3.168363094329834,8.865853309631348,5.004415035247803,2.4865989685058594,-0.6817641258239746
374,7,47,2,P,S,S,S_P-S,Ключи от шкатулки был ржавым из-за высокой влажности воздуха.,Ключи от шкатулки,был ржавым из-за высокой влажности воздуха.,Ключи от шкатулки [MASK],Ключи от шкатулки [MASK] [MASK] из-за высокой влажности воздуха.,был ржавым,FALSE,FALSE,-1.7049546241760254,-0.590496301651001,5.429666042327881,10.360782623291016,1.1144583225250244,-0.590496301651001
377,2,48,2,S,S,S,S_S-S,Комната для вечеринки была просторной из-за малого количества мебели.,Комната для вечеринки,была просторной из-за малого количества мебели.,Комната для вечеринки [MASK],Комната для вечеринки [MASK] [MASK] из-за малого количества мебели.,была просторной,TRUE,TRUE,-0.46309056878089905,-3.398395538330078,13.67011260986328,6.6149210929870605,2.935304969549179,-0.46309056878089905
379,4,48,2,S,P,S,S_S-P,Комната для вечеринок была просторной из-за малого количества мебели.,Комната для вечеринок,была просторной из-за малого количества мебели.,Комната для вечеринок [MASK],Комната для вечеринок [MASK] [MASK] из-за малого количества мебели.,была просторной,TRUE,TRUE,-0.7109481692314148,-3.2577199935913086,12.806264877319336,6.067617893218994,2.546771824359894,-0.7109481692314148
381,6,48,2,P,S,S,S_P-S,Комнаты для вечеринки была просторной из-за малого количества мебели.,Комнаты для вечеринки,была просторной из-за малого количества мебели.,Комнаты для вечеринки [MASK],Комнаты для вечеринки [MASK] [MASK] из-за малого количества мебели.,была просторной,FALSE,FALSE,-0.836036741733551,1.4213975667953491,7.811759948730469,12.700855255126951,2.2574343085289,1.4213975667953491
383,8,48,2,P,P,S,S_P-P,Комнаты для вечеринок была просторной из-за малого количества мебели.,Комнаты для вечеринок,была просторной из-за малого количества мебели.,Комнаты для вечеринок [MASK],Комнаты для вечеринок [MASK] [MASK] из-за малого количества мебели.,была просторной,FALSE,FALSE,-1.9229018688201904,0.05960261821746826,6.827115058898926,11.711139678955078,1.9825044870376587,0.05960261821746826
384,1,49,2,S,S,S,S_S-S,Кондиционер для помещения был неисправен из-за ошибки заводских сборщиков.,Кондиционер для помещения,был неисправен из-за ошибки заводских сборщиков.,Кондиционер для помещения [MASK],Кондиционер для помещения [MASK] [MASK] из-за ошибки заводских сборщиков.,был неисправен,TRUE,TRUE,-0.3234756290912628,-2.4074110984802246,11.145777702331545,5.660048961639404,2.083935469388962,-0.3234756290912628
386,3,49,2,S,P,S,S_S-P,Кондиционер для помещений был неисправен из-за ошибки заводских сборщиков.,Кондиционер для помещений,был неисправен из-за ошибки заводских сборщиков.,Кондиционер для помещений [MASK],Кондиционер для помещений [MASK] [MASK] из-за ошибки заводских сборщиков.,был неисправен,TRUE,TRUE,-0.7872753143310547,-2.9224977493286133,10.910913467407228,5.5434489250183105,2.1352224349975586,-0.7872753143310547
388,5,49,2,P,S,S,S_P-S,Кондиционеры для помещения был неисправен из-за ошибки заводских сборщиков.,Кондиционеры для помещения,был неисправен из-за ошибки заводских сборщиков.,Кондиционеры для помещения [MASK],Кондиционеры для помещения [MASK] [MASK] из-за ошибки заводских сборщиков.,был неисправен,FALSE,FALSE,-0.8326324820518494,0.3585355281829834,7.503387928009033,11.625524520874023,1.1911680102348328,0.3585355281829834
390,7,49,2,P,P,S,S_P-P,Кондиционеры для помещений был неисправен из-за ошибки заводских сборщиков.,Кондиционеры для помещений,был неисправен из-за ошибки заводских сборщиков.,Кондиционеры для помещений [MASK],Кондиционеры для помещений [MASK] [MASK] из-за ошибки заводских сборщиков.,был неисправен,FALSE,FALSE,-1.10542893409729,-0.3904186487197876,6.721146583557129,11.422890663146973,0.7150102853775024,-0.3904186487197876
393,2,50,2,S,P,S,S_S-P,Коробка для красок была картонной из-за экологических убеждений производителя.,Коробка для красок,была картонной из-за экологических убеждений производителя.,Коробка для красок [MASK],Коробка для красок [MASK] [MASK] из-за экологических убеждений производителя.,была картонной,TRUE,TRUE,-0.8329590559005737,-2.9404282569885254,11.493507385253906,4.705952167510986,2.1074692010879517,-0.8329590559005737
395,4,50,2,P,S,S,S_P-S,Коробки для краски была картонной из-за экологических убеждений производителя.,Коробки для краски,была картонной из-за экологических убеждений производителя.,Коробки для краски [MASK],Коробки для краски [MASK] [MASK] из-за экологических убеждений производителя.,была картонной,FALSE,FALSE,-2.02034592628479,-0.4068247973918915,6.752746105194092,11.217313766479492,1.6135211288928986,-0.4068247973918915
397,6,50,2,P,P,S,S_P-P,Коробки для красок была картонной из-за экологических убеждений производителя.,Коробки для красок,была картонной из-за экологических убеждений производителя.,Коробки для красок [MASK],Коробки для красок [MASK] [MASK] из-за экологических убеждений производителя.,была картонной,FALSE,FALSE,-2.0044546127319336,-0.4247888922691345,6.102427005767822,10.562418937683104,1.579665720462799,-0.4247888922691345
399,8,50,2,S,S,S,S_S-S,Коробка для краски была картонной из-за экологических убеждений производителя.,Коробка для краски,была картонной из-за экологических убеждений производителя.,Коробка для краски [MASK],Коробка для краски [MASK] [MASK] из-за экологических убеждений производителя.,была картонной,TRUE,TRUE,-0.7013838887214661,-3.3753104209899902,11.882408142089844,5.084166049957275,2.673926532268524,-0.7013838887214661
400,1,51,2,S,P,S,S_S-P,Лекарство от болезней было доступным для отдельных категорий граждан.,Лекарство от болезней,было доступным для отдельных категорий граждан.,Лекарство от болезней [MASK],Лекарство от болезней [MASK] [MASK] для отдельных категорий граждан.,было доступным,TRUE,TRUE,2.65857195854187,-1.118313193321228,10.35041618347168,5.014948844909668,3.776885151863098,2.65857195854187
402,3,51,2,P,S,S,S_P-S,Лекарства от болезни было доступным для отдельных категорий граждан.,Лекарства от болезни,было доступным для отдельных категорий граждан.,Лекарства от болезни [MASK],Лекарства от болезни [MASK] [MASK] для отдельных категорий граждан.,было доступным,TRUE,FALSE,2.5445995330810547,2.0785531997680664,5.644769668579102,9.611653327941896,-0.4660463333129883,2.0785531997680664
404,5,51,2,P,P,S,S_P-P,Лекарства от болезней было доступным для отдельных категорий граждан.,Лекарства от болезней,было доступным для отдельных категорий граждан.,Лекарства от болезней [MASK],Лекарства от болезней [MASK] [MASK] для отдельных категорий граждан.,было доступным,TRUE,FALSE,1.9173126220703125,1.5505512952804563,6.448321342468262,10.596199989318848,-0.3667613267898562,1.5505512952804563
406,7,51,2,S,S,S,S_S-S,Лекарство от болезни было доступным для отдельных категорий граждан.,Лекарство от болезни,было доступным для отдельных категорий граждан.,Лекарство от болезни [MASK],Лекарство от болезни [MASK] [MASK] для отдельных категорий граждан.,было доступным,TRUE,TRUE,2.881070613861084,-1.968535304069519,9.257277488708496,3.3675694465637207,4.849605917930603,2.881070613861084
409,2,52,2,P,S,S,S_P-S,Лимузины для свадьбы был белым с яркими розовыми бантами.,Лимузины для свадьбы,был белым с яркими розовыми бантами.,Лимузины для свадьбы [MASK],Лимузины для свадьбы [MASK] [MASK] с яркими розовыми бантами.,был белым,FALSE,FALSE,-0.17787885665893555,2.62609338760376,3.3496501445770264,8.304891586303711,2.8039722442626958,2.62609338760376
411,4,52,2,P,P,S,S_P-P,Лимузины для свадеб был белым с яркими розовыми бантами.,Лимузины для свадеб,был белым с яркими розовыми бантами.,Лимузины для свадеб [MASK],Лимузины для свадеб [MASK] [MASK] с яркими розовыми бантами.,был белым,FALSE,FALSE,-1.026463747024536,1.3500823974609375,0.828857421875,5.752254962921143,2.3765461444854736,1.3500823974609375
413,6,52,2,S,S,S,S_S-S,Лимузин для свадьбы был белым с яркими розовыми бантами.,Лимузин для свадьбы,был белым с яркими розовыми бантами.,Лимузин для свадьбы [MASK],Лимузин для свадьбы [MASK] [MASK] с яркими розовыми бантами.,был белым,TRUE,TRUE,1.549719214439392,-2.303539752960205,6.929142475128174,1.7325032949447632,3.853258967399597,1.549719214439392
415,8,52,2,S,P,S,S_S-P,Лимузин для свадеб был белым с яркими розовыми бантами.,Лимузин для свадеб,был белым с яркими розовыми бантами.,Лимузин для свадеб [MASK],Лимузин для свадеб [MASK] [MASK] с яркими розовыми бантами.,был белым,TRUE,TRUE,1.3112126588821411,-3.164900779724121,4.0236992835998535,-0.2361530363559723,4.476113438606262,1.3112126588821411
416,1,53,2,P,S,S,S_P-S,Лозунги из листовки был придуман с целью привлечения внимания.,Лозунги из листовки,был придуман с целью привлечения внимания.,Лозунги из листовки [MASK],Лозунги из листовки [MASK] [MASK] с целью привлечения внимания.,был придуман,FALSE,FALSE,1.6911160945892334,5.891385555267334,7.44288969039917,13.007406234741213,4.200269460678101,5.891385555267334
418,3,53,2,P,P,S,S_P-P,Лозунги из листовок был придуман с целью привлечения внимания.,Лозунги из листовок,был придуман с целью привлечения внимания.,Лозунги из листовок [MASK],Лозунги из листовок [MASK] [MASK] с целью привлечения внимания.,был придуман,FALSE,FALSE,1.895087957382202,5.696731090545654,6.582111835479736,12.323822021484377,3.801643133163452,5.696731090545654
420,5,53,2,S,S,S,S_S-S,Лозунг из листовки был придуман с целью привлечения внимания.,Лозунг из листовки,был придуман с целью привлечения внимания.,Лозунг из листовки [MASK],Лозунг из листовки [MASK] [MASK] с целью привлечения внимания.,был придуман,TRUE,TRUE,5.697616100311279,2.0532736778259277,12.49428939819336,7.341841220855713,3.6443424224853516,5.697616100311279
422,7,53,2,S,P,S,S_S-P,Лозунг из листовок был придуман с целью привлечения внимания.,Лозунг из листовок,был придуман с целью привлечения внимания.,Лозунг из листовок [MASK],Лозунг из листовок [MASK] [MASK] с целью привлечения внимания.,был придуман,TRUE,TRUE,5.437526702880859,2.91085433959961,11.77147388458252,7.748060703277588,2.5266723632812496,5.437526702880859
425,2,54,2,P,P,S,S_P-P,Массовки для съемок была набрана из числа местных студентов.,Массовки для съемок,была набрана из числа местных студентов.,Массовки для съемок [MASK],Массовки для съемок [MASK] [MASK] из числа местных студентов.,была набрана,FALSE,FALSE,2.265143394470215,4.453366756439209,5.82879638671875,10.292985916137695,2.188223361968994,4.453366756439209
427,4,54,2,S,S,S,S_S-S,Массовка для съемки была набрана из числа местных студентов.,Массовка для съемки,была набрана из числа местных студентов.,Массовка для съемки [MASK],Массовка для съемки [MASK] [MASK] из числа местных студентов.,была набрана,TRUE,TRUE,1.5831263065338137,-1.4891362190246582,11.218063354492188,7.877960681915283,3.0722625255584717,1.5831263065338137
429,6,54,2,S,P,S,S_S-P,Массовка для съемок была набрана из числа местных студентов.,Массовка для съемок,была набрана из числа местных студентов.,Массовка для съемок [MASK],Массовка для съемок [MASK] [MASK] из числа местных студентов.,была набрана,TRUE,TRUE,2.388779878616333,-0.4505699872970581,11.31907558441162,8.182059288024902,2.839349865913391,2.388779878616333
431,8,54,2,P,S,S,S_P-S,Массовки для съемки была набрана из числа местных студентов.,Массовки для съемки,была набрана из числа местных студентов.,Массовки для съемки [MASK],Массовки для съемки [MASK] [MASK] из числа местных студентов.,была набрана,FALSE,FALSE,1.3096041679382324,3.688357353210449,5.749098777770996,10.21812629699707,2.378753185272217,3.688357353210449
432,1,55,2,P,P,S,S_P-P,Материалы для крыш был бракованным из-за нарушения режима хранения.,Материалы для крыш,был бракованным из-за нарушения режима хранения.,Материалы для крыш [MASK],Материалы для крыш [MASK] [MASK] из-за нарушения режима хранения.,был бракованным,FALSE,FALSE,-0.06311482191085815,1.2349389791488647,7.947386741638184,12.530279159545898,1.298053801059723,1.2349389791488647
434,3,55,2,S,S,S,S_S-S,Материал для крыши был бракованным из-за нарушения режима хранения.,Материал для крыши,был бракованным из-за нарушения режима хранения.,Материал для крыши [MASK],Материал для крыши [MASK] [MASK] из-за нарушения режима хранения.,был бракованным,TRUE,TRUE,2.368032932281494,0.3757827281951904,11.942069053649902,7.551301956176758,1.9922502040863037,2.368032932281494
436,5,55,2,S,P,S,S_S-P,Материал для крыш был бракованным из-за нарушения режима хранения.,Материал для крыш,был бракованным из-за нарушения режима хранения.,Материал для крыш [MASK],Материал для крыш [MASK] [MASK] из-за нарушения режима хранения.,был бракованным,TRUE,TRUE,2.8196423053741455,0.9538294076919556,11.68657112121582,8.928067207336426,1.86581289768219,2.8196423053741455
438,7,55,2,P,S,S,S_P-S,Материалы для крыши был бракованным из-за нарушения режима хранения.,Материалы для крыши,был бракованным из-за нарушения режима хранения.,Материалы для крыши [MASK],Материалы для крыши [MASK] [MASK] из-за нарушения режима хранения.,был бракованным,FALSE,FALSE,0.00128307938575744,0.3171517848968506,8.357823371887207,12.717537879943848,0.31586870551109314,0.3171517848968506
441,2,56,2,S,S,S,S_S-S,Мотор для лодки был заказан с учётом пожеланий рыбаков.,Мотор для лодки,был заказан с учётом пожеланий рыбаков.,Мотор для лодки [MASK],Мотор для лодки [MASK] [MASK] с учётом пожеланий рыбаков.,был заказан,TRUE,TRUE,0.204688161611557,-2.9210925102233887,12.743586540222168,7.5181565284729,3.1257806718349457,0.204688161611557
443,4,56,2,S,P,S,S_S-P,Мотор для лодок был заказан с учётом пожеланий рыбаков.,Мотор для лодок,был заказан с учётом пожеланий рыбаков.,Мотор для лодок [MASK],Мотор для лодок [MASK] [MASK] с учётом пожеланий рыбаков.,был заказан,TRUE,TRUE,-0.4499174654483795,-2.73490571975708,11.897430419921877,7.306901454925537,2.2849882543087006,-0.4499174654483795
445,6,56,2,P,S,S,S_P-S,Моторы для лодки был заказан с учётом пожеланий рыбаков.,Моторы для лодки,был заказан с учётом пожеланий рыбаков.,Моторы для лодки [MASK],Моторы для лодки [MASK] [MASK] с учётом пожеланий рыбаков.,был заказан,FALSE,FALSE,-1.68626070022583,-0.15211570262908936,7.706934928894043,13.330890655517578,1.5341449975967407,-0.15211570262908936
447,8,56,2,P,P,S,S_P-P,Моторы для лодок был заказан с учётом пожеланий рыбаков.,Моторы для лодок,был заказан с учётом пожеланий рыбаков.,Моторы для лодок [MASK],Моторы для лодок [MASK] [MASK] с учётом пожеланий рыбаков.,был заказан,FALSE,FALSE,-2.0667006969451904,-0.21166646480560303,7.071150779724121,12.767172813415527,1.8550342321395874,-0.21166646480560303
448,1,57,2,S,S,S,S_S-S,Мяч для игры был разработан для детских дошкольных учреждений.,Мяч для игры,был разработан для детских дошкольных учреждений.,Мяч для игры [MASK],Мяч для игры [MASK] [MASK] для детских дошкольных учреждений.,был разработан,TRUE,TRUE,1.6348068714141846,-2.460973739624023,10.491278648376465,4.980998516082764,4.095780611038208,1.6348068714141846
450,3,57,2,S,P,S,S_S-P,Мяч для игр был разработан для детских дошкольных учреждений.,Мяч для игр,был разработан для детских дошкольных учреждений.,Мяч для игр [MASK],Мяч для игр [MASK] [MASK] для детских дошкольных учреждений.,был разработан,TRUE,TRUE,1.492654800415039,-2.434113025665283,9.3253812789917,3.94834041595459,3.9267678260803223,1.492654800415039
452,5,57,2,P,S,S,S_P-S,Мячи для игры был разработан для детских дошкольных учреждений.,Мячи для игры,был разработан для детских дошкольных учреждений.,Мячи для игры [MASK],Мячи для игры [MASK] [MASK] для детских дошкольных учреждений.,был разработан,FALSE,FALSE,-0.2877228856086731,1.2375586032867432,5.680191993713379,10.892614364624023,1.5252814888954163,1.2375586032867432
454,7,57,2,P,P,S,S_P-P,Мячи для игр был разработан для детских дошкольных учреждений.,Мячи для игр,был разработан для детских дошкольных учреждений.,Мячи для игр [MASK],Мячи для игр [MASK] [MASK] для детских дошкольных учреждений.,был разработан,FALSE,FALSE,-0.37027043104171753,0.5281575918197632,5.19561243057251,9.943840026855469,0.8984280228614807,0.5281575918197632
457,2,58,2,S,P,S,S_S-P,Перелом из-за падений был тяжелым из-за преклонного возраста альпиниста.,Перелом из-за падений,был тяжелым из-за преклонного возраста альпиниста.,Перелом из-за падений [MASK],Перелом из-за падений [MASK] [MASK] из-за преклонного возраста альпиниста.,был тяжелым,TRUE,TRUE,3.3783140182495117,-0.8987056016921997,9.255621910095217,4.098068714141846,4.277019619941711,3.3783140182495117
459,4,58,2,P,S,S,S_P-S,Переломы из-за падения был тяжелым из-за преклонного возраста альпиниста.,Переломы из-за падения,был тяжелым из-за преклонного возраста альпиниста.,Переломы из-за падения [MASK],Переломы из-за падения [MASK] [MASK] из-за преклонного возраста альпиниста.,был тяжелым,FALSE,FALSE,0.7821689248085022,3.3940720558166504,3.4705350399017334,10.420295715332031,2.611903131008148,3.3940720558166504
461,6,58,2,P,P,S,S_P-P,Переломы из-за падений был тяжелым из-за преклонного возраста альпиниста.,Переломы из-за падений,был тяжелым из-за преклонного возраста альпиниста.,Переломы из-за падений [MASK],Переломы из-за падений [MASK] [MASK] из-за преклонного возраста альпиниста.,был тяжелым,FALSE,FALSE,2.1657209396362305,4.6064982414245605,4.505127429962158,10.55992317199707,2.44077730178833,4.6064982414245605
463,8,58,2,S,S,S,S_S-S,Перелом из-за падения был тяжелым из-за преклонного возраста альпиниста.,Перелом из-за падения,был тяжелым из-за преклонного возраста альпиниста.,Перелом из-за падения [MASK],Перелом из-за падения [MASK] [MASK] из-за преклонного возраста альпиниста.,был тяжелым,TRUE,TRUE,2.7347159385681152,-0.04598617553710937,10.858716011047363,4.67213773727417,2.7807021141052246,2.7347159385681152
464,1,59,2,S,P,S,S_S-P,Пристань для яхт была мокрой из-за высоких штормовых волн.,Пристань для яхт,была мокрой из-за высоких штормовых волн.,Пристань для яхт [MASK],Пристань для яхт [MASK] [MASK] из-за высоких штормовых волн.,была мокрой,TRUE,TRUE,-0.7860233187675476,-3.6320409774780273,10.31628704071045,2.6464242935180664,2.8460176587104797,-0.7860233187675476
466,3,59,2,P,S,S,S_P-S,Пристани для яхты была мокрой из-за высоких штормовых волн.,Пристани для яхты,была мокрой из-за высоких штормовых волн.,Пристани для яхты [MASK],Пристани для яхты [MASK] [MASK] из-за высоких штормовых волн.,была мокрой,FALSE,FALSE,-0.37352144718170166,0.28835994005203247,6.509425163269043,11.356348037719728,0.6618813872337341,0.28835994005203247
468,5,59,2,P,P,S,S_P-P,Пристани для яхт была мокрой из-за высоких штормовых волн.,Пристани для яхт,была мокрой из-за высоких штормовых волн.,Пристани для яхт [MASK],Пристани для яхт [MASK] [MASK] из-за высоких штормовых волн.,была мокрой,FALSE,FALSE,0.9426299929618835,1.8414298295974731,5.111807346343994,9.931692123413086,0.8987998366355896,1.8414298295974731
470,7,59,2,S,S,S,S_S-S,Пристань для яхты была мокрой из-за высоких штормовых волн.,Пристань для яхты,была мокрой из-за высоких штормовых волн.,Пристань для яхты [MASK],Пристань для яхты [MASK] [MASK] из-за высоких штормовых волн.,была мокрой,TRUE,TRUE,-0.23549601435661316,-3.684328556060791,11.406871795654297,3.564455986022949,3.448832541704178,-0.23549601435661316
473,2,60,2,P,S,S,S_P-S,Пропуски из-за травмы был согласован с главным врачом команды.,Пропуски из-за травмы,был согласован с главным врачом команды.,Пропуски из-за травмы [MASK],Пропуски из-за травмы [MASK] [MASK] с главным врачом команды.,был согласован,FALSE,FALSE,1.1999235153198242,3.2753376960754395,6.674572467803955,10.304265975952148,2.0754141807556152,3.2753376960754395
475,4,60,2,P,P,S,S_P-P,Пропуски из-за травм был согласован с главным врачом команды.,Пропуски из-за травм,был согласован с главным врачом команды.,Пропуски из-за травм [MASK],Пропуски из-за травм [MASK] [MASK] с главным врачом команды.,был согласован,FALSE,FALSE,2.400192975997925,4.797971248626709,6.980905055999756,10.44607925415039,2.397778272628784,4.797971248626709
477,6,60,2,S,S,S,S_S-S,Пропуск из-за травмы был согласован с главным врачом команды.,Пропуск из-за травмы,был согласован с главным врачом команды.,Пропуск из-за травмы [MASK],Пропуск из-за травмы [MASK] [MASK] с главным врачом команды.,был согласован,TRUE,TRUE,4.0369696617126465,-0.13213923573493958,11.129183769226074,7.099694728851318,4.169108897447586,4.0369696617126465
479,8,60,2,S,P,S,S_S-P,Пропуск из-за травм был согласован с главным врачом команды.,Пропуск из-за травм,был согласован с главным врачом команды.,Пропуск из-за травм [MASK],Пропуск из-за травм [MASK] [MASK] с главным врачом команды.,был согласован,TRUE,TRUE,5.461668491363525,0.8195834159851074,11.55802059173584,7.680886745452881,4.642085075378418,5.461668491363525
480,1,61,2,P,S,S,S_P-S,Рассказы об аварии был приукрашен для усиления эмоционального напряжения.,Рассказы об аварии,был приукрашен для усиления эмоционального напряжения.,Рассказы об аварии [MASK],Рассказы об аварии [MASK] [MASK] для усиления эмоционального напряжения.,был приукрашен,FALSE,FALSE,0.7660694718360901,2.144186019897461,4.681480884552002,11.129439353942873,1.3781165480613708,2.144186019897461
482,3,61,2,P,P,S,S_P-P,Рассказы об авариях был приукрашен для усиления эмоционального напряжения.,Рассказы об авариях,был приукрашен для усиления эмоционального напряжения.,Рассказы об авариях [MASK],Рассказы об авариях [MASK] [MASK] для усиления эмоционального напряжения.,был приукрашен,FALSE,FALSE,0.02305173873901367,1.3027031421661377,4.237174034118652,10.54002571105957,1.279651403427124,1.3027031421661377
484,5,61,2,S,S,S,S_S-S,Рассказ об аварии был приукрашен для усиления эмоционального напряжения.,Рассказ об аварии,был приукрашен для усиления эмоционального напряжения.,Рассказ об аварии [MASK],Рассказ об аварии [MASK] [MASK] для усиления эмоционального напряжения.,был приукрашен,TRUE,TRUE,2.105583667755127,-1.1765795946121216,10.93529224395752,5.556816101074219,3.2821632623672485,2.105583667755127
486,7,61,2,S,P,S,S_S-P,Рассказ об авариях был приукрашен для усиления эмоционального напряжения.,Рассказ об авариях,был приукрашен для усиления эмоционального напряжения.,Рассказ об авариях [MASK],Рассказ об авариях [MASK] [MASK] для усиления эмоционального напряжения.,был приукрашен,TRUE,TRUE,1.182765245437622,-0.19699198007583615,10.363882064819336,6.497781276702881,1.3797572255134583,1.182765245437622
489,2,62,2,P,P,S,S_P-P,Репортажи для газет был написан после разрешения публичной огласки.,Репортажи для газет,был написан после разрешения публичной огласки.,Репортажи для газет [MASK],Репортажи для газет [MASK] [MASK] после разрешения публичной огласки.,был написан,FALSE,FALSE,-1.2398746013641355,0.2278655767440796,4.649807453155518,10.750411987304688,1.467740178108215,0.2278655767440796
491,4,62,2,S,S,S,S_S-S,Репортаж для газеты был написан после разрешения публичной огласки.,Репортаж для газеты,был написан после разрешения публичной огласки.,Репортаж для газеты [MASK],Репортаж для газеты [MASK] [MASK] после разрешения публичной огласки.,был написан,TRUE,TRUE,-3.5660555362701416,-5.6325507164001465,10.301983833312988,4.378339767456055,2.066495180130005,-3.5660555362701416
493,6,62,2,S,P,S,S_S-P,Репортаж для газет был написан после разрешения публичной огласки.,Репортаж для газет,был написан после разрешения публичной огласки.,Репортаж для газет [MASK],Репортаж для газет [MASK] [MASK] после разрешения публичной огласки.,был написан,TRUE,TRUE,-0.5685831308364868,-1.6204664707183838,10.412543296813965,5.401475429534912,1.051883339881897,-0.5685831308364868
495,8,62,2,P,S,S,S_P-S,Репортажи для газеты был написан после разрешения публичной огласки.,Репортажи для газеты,был написан после разрешения публичной огласки.,Репортажи для газеты [MASK],Репортажи для газеты [MASK] [MASK] после разрешения публичной огласки.,был написан,FALSE,FALSE,-3.2626917362213135,-3.234438896179199,4.272427558898926,10.563888549804688,0.028252840042114258,-3.234438896179199
496,1,63,2,P,P,S,S_P-P,Скандалы из-за статей был масштабным в глазах непосредственных участников.,Скандалы из-за статей,был масштабным в глазах непосредственных участников.,Скандалы из-за статей [MASK],Скандалы из-за статей [MASK] [MASK] в глазах непосредственных участников.,был масштабным,FALSE,FALSE,-0.13734358549118042,2.441251754760742,3.604592800140381,9.493905067443848,2.5785953402519226,2.441251754760742
498,3,63,2,S,S,S,S_S-S,Скандал из-за статьи был масштабным в глазах непосредственных участников.,Скандал из-за статьи,был масштабным в глазах непосредственных участников.,Скандал из-за статьи [MASK],Скандал из-за статьи [MASK] [MASK] в глазах непосредственных участников.,был масштабным,TRUE,TRUE,0.3461775779724121,-2.167710304260254,8.957805633544922,2.568787097930908,2.513887882232666,0.3461775779724121
500,5,63,2,S,P,S,S_S-P,Скандал из-за статей был масштабным в глазах непосредственных участников.,Скандал из-за статей,был масштабным в глазах непосредственных участников.,Скандал из-за статей [MASK],Скандал из-за статей [MASK] [MASK] в глазах непосредственных участников.,был масштабным,TRUE,TRUE,2.787281036376953,0.7052028179168701,9.286425590515137,3.5283889770507813,2.082078218460083,2.787281036376953
502,7,63,2,P,S,S,S_P-S,Скандалы из-за статьи был масштабным в глазах непосредственных участников.,Скандалы из-за статьи,был масштабным в глазах непосредственных участников.,Скандалы из-за статьи [MASK],Скандалы из-за статьи [MASK] [MASK] в глазах непосредственных участников.,был масштабным,FALSE,FALSE,-1.4255294799804688,-0.28542232513427734,2.548680305480957,8.595364570617676,1.1401071548461914,-0.28542232513427734
505,2,64,2,S,S,S,S_S-S,Скидка от авиакомпании была беспрецедентной из-за недавнего крушения самолёта.,Скидка от авиакомпании,была беспрецедентной из-за недавнего крушения самолёта.,Скидка от авиакомпании [MASK],Скидка от авиакомпании [MASK] [MASK] из-за недавнего крушения самолёта.,была беспрецедентной,TRUE,TRUE,0.7620912194252014,-3.5296883583068848,9.396601676940918,3.723005771636963,4.291779577732086,0.7620912194252014
507,4,64,2,S,P,S,S_S-P,Скидка от авиакомпаний была беспрецедентной из-за недавнего крушения самолёта.,Скидка от авиакомпаний,была беспрецедентной из-за недавнего крушения самолёта.,Скидка от авиакомпаний [MASK],Скидка от авиакомпаний [MASK] [MASK] из-за недавнего крушения самолёта.,была беспрецедентной,TRUE,TRUE,4.108076095581055,0.6315517425537109,12.072080612182615,7.643129348754883,3.4765243530273438,4.108076095581055
509,6,64,2,P,S,S,S_P-S,Скидки от авиакомпании была беспрецедентной из-за недавнего крушения самолёта.,Скидки от авиакомпании,была беспрецедентной из-за недавнего крушения самолёта.,Скидки от авиакомпании [MASK],Скидки от авиакомпании [MASK] [MASK] из-за недавнего крушения самолёта.,была беспрецедентной,FALSE,FALSE,-1.568622589111328,0.8941267728805542,4.636172771453857,10.060742378234863,2.4627493619918823,0.8941267728805542
511,8,64,2,P,P,S,S_P-P,Скидки от авиакомпаний была беспрецедентной из-за недавнего крушения самолёта.,Скидки от авиакомпаний,была беспрецедентной из-за недавнего крушения самолёта.,Скидки от авиакомпаний [MASK],Скидки от авиакомпаний [MASK] [MASK] из-за недавнего крушения самолёта.,была беспрецедентной,FALSE,FALSE,0.14850890636444092,3.678686618804931,5.989927768707275,11.76933479309082,3.5301777124404903,3.678686618804931
